building,hood,lab,floor,server,flow_sensor,sash_position_sensor,object_id,device_id,internal_temp_sensor,external_temp_sensor,,,,,,,,,,,,,,,
biotech,1,G54,G,biotech_main,#biotech/biotech_ground_floor/ground_floor_fume_hood_lab_spaces/lab_g54_control/hoodvalve_flow,#biotech/biotech_ground_floor/ground_floor_fume_hood_lab_spaces/lab_g54_control/hood_sash,AI:3,DEV:1018354,#biotech/biotech_ground_floor/ground_floor_fume_hood_lab_spaces/lab_g54_control/zone/zone_temp/trend_log,#biotech/ground_flr_mech/building_hydronic_heating_syatems/reheat_heat_exchanger/oat,,,,,,,,,,,,,,,
biotech,1,141,1,biotech_main,#biotech/biotech_1st_floor/first_floor_fume_hood_lab_spaces/lab_141_control/hoodvalve_flow,#biotech/biotech_1st_floor/first_floor_fume_hood_lab_spaces/lab_141_control/hood_sash,,,#biotech/biotech_1st_floor/first_floor_fume_hood_lab_spaces/lab_141_control/zone/zone_temp/trend_log,#biotech/ground_flr_mech/building_hydronic_heating_syatems/reheat_heat_exchanger/oat,,,,,,,,,,,,,,,
biotech,1,143,1,biotech_main,#biotech/biotech_1st_floor/first_floor_fume_hood_lab_spaces/lab_143_control/hoodvalve_flow,#biotech/biotech_1st_floor/first_floor_fume_hood_lab_spaces/lab_143_control/hood_sash,,,#biotech/biotech_1st_floor/first_floor_fume_hood_lab_spaces/lab_143_control/zone/zone_temp/trend_log,#biotech/ground_flr_mech/building_hydronic_heating_syatems/reheat_heat_exchanger/oat,,,,,,,,,,,,,,,
biotech,1,147B,1,biotech_main,#biotech/biotech_1st_floor/first_floor_fume_hood_lab_spaces/lab_147b_control/hoodvalve_flow,#biotech/biotech_1st_floor/first_floor_fume_hood_lab_spaces/lab_147b_control/hood_sash,,,#biotech/biotech_1st_floor/first_floor_fume_hood_lab_spaces/lab_147b_control/zone/zone_temp/trend_log,#biotech/ground_flr_mech/building_hydronic_heating_syatems/reheat_heat_exchanger/oat,,,,,,,,,,,,,,,
biotech,1,153,1,biotech_main,#biotech/biotech_1st_floor/first_floor_fume_hood_lab_spaces/lab_153_control/hoodvalve_flow,#biotech/biotech_1st_floor/first_floor_fume_hood_lab_spaces/lab_153_control/hood_sash,,,#biotech/biotech_1st_floor/first_floor_fume_hood_lab_spaces/lab_153_control/zone/zone_temp/trend_log,#biotech/ground_flr_mech/building_hydronic_heating_syatems/reheat_heat_exchanger/oat,,,,,,,,,,,,,,,
biotech,1,153B,1,biotech_main,#biotech/biotech_1st_floor/first_floor_fume_hood_lab_spaces/lab_153b_control/hoodvalve_flow,#biotech/biotech_1st_floor/first_floor_fume_hood_lab_spaces/lab_153b_control/hood_sash,,,#biotech/biotech_1st_floor/first_floor_fume_hood_lab_spaces/lab_153b_control/zone/zone_temp/trend_log,#biotech/ground_flr_mech/building_hydronic_heating_syatems/reheat_heat_exchanger/oat,,,,,,,,,,,,,,,
biotech,1,155,1,biotech_main,#biotech/biotech_1st_floor/first_floor_fume_hood_lab_spaces/lab_155_control/hoodvalve_flow,#biotech/biotech_1st_floor/first_floor_fume_hood_lab_spaces/lab_155_control/hood_sash,,,#biotech/biotech_1st_floor/first_floor_fume_hood_lab_spaces/lab_155_control/zone/zone_temp/trend_log,#biotech/ground_flr_mech/building_hydronic_heating_syatems/reheat_heat_exchanger/oat,,,,,,,,,,,,,,,
biotech,1,160,1,biotech_main,#biotech/biotech_1st_floor/first_floor_fume_hood_lab_spaces/lab_160_control/hoodvalve_flow,#biotech/biotech_1st_floor/first_floor_fume_hood_lab_spaces/lab_160_control/hood_sash,,,#biotech/biotech_1st_floor/first_floor_fume_hood_lab_spaces/lab_160_control/zone/zone_temp/trend_log,#biotech/ground_flr_mech/building_hydronic_heating_syatems/reheat_heat_exchanger/oat,,,,,,,,,,,,,,,
biotech,1,203B,2,biotech_main,#biotech_lab_203b_hvac/fh-1_flow_fbk,#biotech_lab_203b_hvac/fh-1_sash_pos,,,#biotech_lab_203b_hvac/zone_temp,#biotech/ground_flr_mech/building_hydronic_heating_syatems/reheat_heat_exchanger/oat,,,,,,,,,,,,,,,
biotech,1,209,2,biotech_main,#biotech_209_hvac/fh-1_flow_fbk,#biotech_209_hvac/fh-1_sash_pos,,,#biotech_209_hvac/zone_temp,#biotech/ground_flr_mech/building_hydronic_heating_syatems/reheat_heat_exchanger/oat,,,,,,,,,,,,,,,
biotech,1,209B,2,biotech_main,#biotech_209b_hvac/fh-1_flow_fbk,#biotech_209b_hvac/fh-1_sash_pos,,,#biotech_209b_hvac/zone_temp,#biotech/ground_flr_mech/building_hydronic_heating_syatems/reheat_heat_exchanger/oat,,,,,,,,,,,,,,,
biotech,1,245,2,biotech_main,#biotech_245_hvac/fh-1_flow_fbk,#biotech_245_hvac/fh-1_sash_pos,,,#biotech_245_hvac/zone_temp,#biotech/ground_flr_mech/building_hydronic_heating_syatems/reheat_heat_exchanger/oat,,,,,,,,,,,,,,,
biotech,1,245B,2,biotech_main,#biotech_245_hvac/fh-1_flow_fbk,#biotech_lab_245b_hvac/fh-1_sash_pos,,,#biotech_lab_245b_hvac/zone_temp,#biotech/ground_flr_mech/building_hydronic_heating_syatems/reheat_heat_exchanger/oat,,,,,,,,,,,,,,,
biotech,1,217B,2,biotech_main,#biotech/biotech_2nd_floor/second_floor_fume_hood_lab_spaces/lab_217b_control/hoodvalve_flow,#biotech/biotech_2nd_floor/second_floor_fume_hood_lab_spaces/lab_217b_control/hood_sash,,,#biotech/biotech_2nd_floor/second_floor_fume_hood_lab_spaces/lab_217b_control/zone/zone_temp/trend_log,#biotech/ground_flr_mech/building_hydronic_heating_syatems/reheat_heat_exchanger/oat,,,,,,,,,,,,,,,
biotech,1,221,2,biotech_main,#biotech/biotech_2nd_floor/second_floor_fume_hood_lab_spaces/lab_221_control/hoodvalve_flow,#biotech/biotech_2nd_floor/second_floor_fume_hood_lab_spaces/lab_221_control/hood_sash,,,#biotech/biotech_2nd_floor/second_floor_fume_hood_lab_spaces/lab_221_control/zone/zone_temp/trend_log,#biotech/ground_flr_mech/building_hydronic_heating_syatems/reheat_heat_exchanger/oat,,,,,,,,,,,,,,,
biotech,1,221B,2,biotech_main,#biotech/biotech_2nd_floor/second_floor_fume_hood_lab_spaces/lab_221b_control/hoodvalve_flow,#biotech/biotech_2nd_floor/second_floor_fume_hood_lab_spaces/lab_221b_control/hood_sash,,,#biotech/biotech_2nd_floor/second_floor_fume_hood_lab_spaces/lab_221b_control/zone/zone_temp/trend_log,#biotech/ground_flr_mech/building_hydronic_heating_syatems/reheat_heat_exchanger/oat,,,,,,,,,,,,,,,
biotech,1,227,2,biotech_main,#biotech/biotech_2nd_floor/second_floor_fume_hood_lab_spaces/lab_227_control/hoodvalve_flow,#biotech/biotech_2nd_floor/second_floor_fume_hood_lab_spaces/lab_227_control/hood_sash,,,#biotech/biotech_2nd_floor/second_floor_fume_hood_lab_spaces/lab_227_control/zone/zone_temp/trend_log,#biotech/ground_flr_mech/building_hydronic_heating_syatems/reheat_heat_exchanger/oat,,,,,,,,,,,,,,,
biotech,1,227B,2,biotech_main,#biotech/biotech_2nd_floor/second_floor_fume_hood_lab_spaces/lab_227b_control/hoodvalve_flow,#biotech/biotech_2nd_floor/second_floor_fume_hood_lab_spaces/lab_227b_control/hood_sash,,,#biotech/biotech_2nd_floor/second_floor_fume_hood_lab_spaces/lab_227b_control/zone/zone_temp/trend_log,#biotech/ground_flr_mech/building_hydronic_heating_syatems/reheat_heat_exchanger/oat,,,,,,,,,,,,,,,
biotech,1,233,2,biotech_main,#biotech/biotech_2nd_floor/second_floor_fume_hood_lab_spaces/lab_233_control/hoodvalve_flow,#biotech/biotech_2nd_floor/second_floor_fume_hood_lab_spaces/lab_233_control/hood_sash,,,#biotech/biotech_2nd_floor/second_floor_fume_hood_lab_spaces/lab_233_control/zone/zone_temp/trend_log,#biotech/ground_flr_mech/building_hydronic_heating_syatems/reheat_heat_exchanger/oat,,,,,,,,,,,,,,,
biotech,1,233B,2,biotech_main,#biotech/biotech_2nd_floor/second_floor_fume_hood_lab_spaces/lab_233b_control/hoodvalve_flow,#biotech/biotech_2nd_floor/second_floor_fume_hood_lab_spaces/lab_233b_control/hood_sash,,,#biotech/biotech_2nd_floor/second_floor_fume_hood_lab_spaces/lab_233b_control/zone/zone_temp/trend_log,#biotech/ground_flr_mech/building_hydronic_heating_syatems/reheat_heat_exchanger/oat,,,,,,,,,,,,,,,
biotech,1,241,2,biotech_main,#biotech/biotech_2nd_floor/second_floor_fume_hood_lab_spaces/lab_241_control/hoodvalve_flow,#biotech/biotech_2nd_floor/second_floor_fume_hood_lab_spaces/lab_241_control/hood_sash,,,#biotech/biotech_2nd_floor/second_floor_fume_hood_lab_spaces/lab_241_control/zone/zone_temp/trend_log,#biotech/ground_flr_mech/building_hydronic_heating_syatems/reheat_heat_exchanger/oat,,,,,,,,,,,,,,,
biotech,1,241B,2,biotech_main,#biotech/biotech_2nd_floor/second_floor_fume_hood_lab_spaces/lab_241b_control/hoodvalve_flow,#biotech/biotech_2nd_floor/second_floor_fume_hood_lab_spaces/lab_241b_control/hood_sash,,,#biotech/biotech_2nd_floor/second_floor_fume_hood_lab_spaces/lab_241b_control/zone/zone_temp/trend_log,#biotech/ground_flr_mech/building_hydronic_heating_syatems/reheat_heat_exchanger/oat,,,,,,,,,,,,,,,
biotech,1,253,2,biotech_main,#biotech/biotech_2nd_floor/second_floor_fume_hood_lab_spaces/lab_253_control/hoodvalve_flow,#biotech/biotech_2nd_floor/second_floor_fume_hood_lab_spaces/lab_253_control/hood_sash,,,#biotech/biotech_2nd_floor/second_floor_fume_hood_lab_spaces/lab_253_control/zone/zone_temp/trend_log,#biotech/ground_flr_mech/building_hydronic_heating_syatems/reheat_heat_exchanger/oat,,,,,,,,,,,,,,,
biotech,1,253B,2,biotech_main,#biotech/biotech_2nd_floor/second_floor_fume_hood_lab_spaces/lab_253b_control/hoodvalve_flow,#biotech/biotech_2nd_floor/second_floor_fume_hood_lab_spaces/lab_253b_control/hood_sash,,,#biotech/biotech_2nd_floor/second_floor_fume_hood_lab_spaces/lab_253b_control/zone/zone_temp/trend_log,#biotech/ground_flr_mech/building_hydronic_heating_syatems/reheat_heat_exchanger/oat,,,,,,,,,,,,,,,
biotech,1,257,2,biotech_main,#biotech/biotech_2nd_floor/second_floor_fume_hood_lab_spaces/lab_257_control/hoodvalve_flow,#biotech/biotech_2nd_floor/second_floor_fume_hood_lab_spaces/lab_257_control/hood_sash,,,#biotech/biotech_2nd_floor/second_floor_fume_hood_lab_spaces/lab_257_control/zone/zone_temp/trend_log,#biotech/ground_flr_mech/building_hydronic_heating_syatems/reheat_heat_exchanger/oat,,,,,,,,,,,,,,,
biotech,1,257B,2,biotech_main,#biotech/biotech_2nd_floor/second_floor_fume_hood_lab_spaces/lab_257b_control/hoodvalve_flow,#biotech/biotech_2nd_floor/second_floor_fume_hood_lab_spaces/lab_257b_control/hood_sash,,,#biotech/biotech_2nd_floor/second_floor_fume_hood_lab_spaces/lab_257b_control/zone/zone_temp/trend_log,#biotech/ground_flr_mech/building_hydronic_heating_syatems/reheat_heat_exchanger/oat,,,,,,,,,,,,,,,
biotech,1,260,2,biotech_main,#biotech/biotech_2nd_floor/second_floor_fume_hood_lab_spaces/lab_260_control/hoodvalve_flow,#biotech/biotech_2nd_floor/second_floor_fume_hood_lab_spaces/lab_260_control/hood_sash,,,#biotech/biotech_2nd_floor/second_floor_fume_hood_lab_spaces/lab_260_control/zone/zone_temp/trend_log,#biotech/ground_flr_mech/building_hydronic_heating_syatems/reheat_heat_exchanger/oat,,,,,,,,,,,,,,,
biotech,1,260B,2,biotech_main,#biotech/biotech_2nd_floor/second_floor_fume_hood_lab_spaces/lab_260b_control/hoodvalve_flow,#biotech/biotech_2nd_floor/second_floor_fume_hood_lab_spaces/lab_260b_control/hood_sash,,,#biotech/biotech_2nd_floor/second_floor_fume_hood_lab_spaces/lab_260b_control/zone/zone_temp/trend_log,#biotech/ground_flr_mech/building_hydronic_heating_syatems/reheat_heat_exchanger/oat,,,,,,,,,,,,,,,
biotech,1,267,2,biotech_main,#biotech/biotech_2nd_floor/second_floor_fume_hood_lab_spaces/lab_267_control/hoodvalve_flow,#biotech/biotech_2nd_floor/second_floor_fume_hood_lab_spaces/lab_267_control/hood_sash,,,#biotech/biotech_2nd_floor/second_floor_fume_hood_lab_spaces/lab_267_control/zone/zone_temp/trend_log,#biotech/ground_flr_mech/building_hydronic_heating_syatems/reheat_heat_exchanger/oat,,,,,,,,,,,,,,,
biotech,1,267B,2,biotech_main,#biotech/biotech_2nd_floor/second_floor_fume_hood_lab_spaces/lab_267b_control/hoodvalve_flow,#biotech/biotech_2nd_floor/second_floor_fume_hood_lab_spaces/lab_267b_control/hood_sash,,,#biotech/biotech_2nd_floor/second_floor_fume_hood_lab_spaces/lab_267b_control/zone/zone_temp/trend_log,#biotech/ground_flr_mech/building_hydronic_heating_syatems/reheat_heat_exchanger/oat,,,,,,,,,,,,,,,
biotech,1,303,3,biotech_main,#biotech/biotech_3rd_floor/third_floor_fume_hood_lab_spaces/lab_303_control/hoodvalve_flow,#biotech/biotech_3rd_floor/third_floor_fume_hood_lab_spaces/lab_303_control/hood_sash,,,#biotech/biotech_3rd_floor/third_floor_fume_hood_lab_spaces/lab_303_control/zone/zone_temp/trend_log,#biotech/ground_flr_mech/building_hydronic_heating_syatems/reheat_heat_exchanger/oat,,,,,,,,,,,,,,,
biotech,1,303B,3,biotech_main,#biotech/biotech_3rd_floor/third_floor_fume_hood_lab_spaces/lab_303b_control/hoodvalve_flow,#biotech/biotech_3rd_floor/third_floor_fume_hood_lab_spaces/lab_303b_control/hood_sash,,,#biotech/biotech_3rd_floor/third_floor_fume_hood_lab_spaces/lab_303b_control/zone/zone_temp/trend_log,#biotech/ground_flr_mech/building_hydronic_heating_syatems/reheat_heat_exchanger/oat,,,,,,,,,,,,,,,
biotech,1,309,3,biotech_main,#biotech/biotech_3rd_floor/third_floor_fume_hood_lab_spaces/lab_309_control/hoodvalve_flow,#biotech/biotech_3rd_floor/third_floor_fume_hood_lab_spaces/lab_309_control/hood_sash,,,#biotech/biotech_3rd_floor/third_floor_fume_hood_lab_spaces/lab_309_control/zone/zone_temp/trend_log,#biotech/ground_flr_mech/building_hydronic_heating_syatems/reheat_heat_exchanger/oat,,,,,,,,,,,,,,,
biotech,1,309B,3,biotech_main,#biotech/biotech_3rd_floor/third_floor_fume_hood_lab_spaces/lab_309b_control/hoodvalve_flow,#biotech/biotech_3rd_floor/third_floor_fume_hood_lab_spaces/lab_309b_control/hood_sash,,,#biotech/biotech_3rd_floor/third_floor_fume_hood_lab_spaces/lab_309b_control/zone/zone_temp/trend_log,#biotech/ground_flr_mech/building_hydronic_heating_syatems/reheat_heat_exchanger/oat,,,,,,,,,,,,,,,
biotech,1,317,3,biotech_main,#biotech/biotech_3rd_floor/third_floor_fume_hood_lab_spaces/lab_317_control/hoodvalve_flow,#biotech/biotech_3rd_floor/third_floor_fume_hood_lab_spaces/lab_317_control/hood_sash,,,#biotech/biotech_3rd_floor/third_floor_fume_hood_lab_spaces/lab_317_control/zone/zone_temp/trend_log,#biotech/ground_flr_mech/building_hydronic_heating_syatems/reheat_heat_exchanger/oat,,,,,,,,,,,,,,,
biotech,1,317B,3,biotech_main,#biotech/biotech_3rd_floor/third_floor_fume_hood_lab_spaces/lab_317b_control/hoodvalve_flow,#biotech/biotech_3rd_floor/third_floor_fume_hood_lab_spaces/lab_317b_control/hood_sash,,,#biotech/biotech_3rd_floor/third_floor_fume_hood_lab_spaces/lab_317b_control/zone/zone_temp/trend_log,#biotech/ground_flr_mech/building_hydronic_heating_syatems/reheat_heat_exchanger/oat,,,,,,,,,,,,,,,
biotech,1,318,3,biotech_main,#biotech/biotech_3rd_floor/third_floor_fume_hood_lab_spaces/lab_318_control/hoodvalve_flow,#biotech/biotech_3rd_floor/third_floor_fume_hood_lab_spaces/lab_318_control/hood_sash,,,#biotech/biotech_3rd_floor/third_floor_fume_hood_lab_spaces/lab_318_control/zone/zone_temp/trend_log,#biotech/ground_flr_mech/building_hydronic_heating_syatems/reheat_heat_exchanger/oat,,,,,,,,,,,,,,,
biotech,1,321,3,biotech_main,#biotech/biotech_3rd_floor/third_floor_fume_hood_lab_spaces/lab_321_control/hoodvalve_flow,#biotech/biotech_3rd_floor/third_floor_fume_hood_lab_spaces/lab_321_control/hood_sash,,,#biotech/biotech_3rd_floor/third_floor_fume_hood_lab_spaces/lab_321_control/zone/zone_temp/trend_log,#biotech/ground_flr_mech/building_hydronic_heating_syatems/reheat_heat_exchanger/oat,,,,,,,,,,,,,,,
biotech,1,321B,3,biotech_main,#biotech/biotech_3rd_floor/third_floor_fume_hood_lab_spaces/lab_321b_control/hoodvalve_flow,#biotech/biotech_3rd_floor/third_floor_fume_hood_lab_spaces/lab_321b_control/hood_sash,,,#biotech/biotech_3rd_floor/third_floor_fume_hood_lab_spaces/lab_321b_control/zone/zone_temp/trend_log,#biotech/ground_flr_mech/building_hydronic_heating_syatems/reheat_heat_exchanger/oat,,,,,,,,,,,,,,,
biotech,1,327,3,biotech_main,#biotech/biotech_3rd_floor/third_floor_fume_hood_lab_spaces/lab_327_control/hoodvalve_flow,#biotech/biotech_3rd_floor/third_floor_fume_hood_lab_spaces/lab_327_control/hood_sash,,,#biotech/biotech_3rd_floor/third_floor_fume_hood_lab_spaces/lab_327_control/zone/zone_temp/trend_log,#biotech/ground_flr_mech/building_hydronic_heating_syatems/reheat_heat_exchanger/oat,,,,,,,,,,,,,,,
biotech,1,327B,3,biotech_main,#biotech/biotech_3rd_floor/third_floor_fume_hood_lab_spaces/lab_327b_control/hoodvalve_flow,#biotech/biotech_3rd_floor/third_floor_fume_hood_lab_spaces/lab_327b_control/hood_sash,,,#biotech/biotech_3rd_floor/third_floor_fume_hood_lab_spaces/lab_327b_control/zone/zone_temp/trend_log,#biotech/ground_flr_mech/building_hydronic_heating_syatems/reheat_heat_exchanger/oat,,,,,,,,,,,,,,,
biotech,1,333,3,biotech_main,#biotech/biotech_3rd_floor/third_floor_fume_hood_lab_spaces/lab_333_control/hoodvalve_flow,#biotech/biotech_3rd_floor/third_floor_fume_hood_lab_spaces/lab_333_control/hood_sash,,,#biotech/biotech_3rd_floor/third_floor_fume_hood_lab_spaces/lab_333_control/zone/zone_temp/trend_log,#biotech/ground_flr_mech/building_hydronic_heating_syatems/reheat_heat_exchanger/oat,,,,,,,,,,,,,,,
biotech,1,333B,3,biotech_main,#biotech/biotech_3rd_floor/third_floor_fume_hood_lab_spaces/lab_333b_control/hoodvalve_flow,#biotech/biotech_3rd_floor/third_floor_fume_hood_lab_spaces/lab_333b_control/hood_sash,,,#biotech/biotech_3rd_floor/third_floor_fume_hood_lab_spaces/lab_333b_control/zone/zone_temp/trend_log,#biotech/ground_flr_mech/building_hydronic_heating_syatems/reheat_heat_exchanger/oat,,,,,,,,,,,,,,,
biotech,1,336,3,biotech_main,#biotech_336_hvac/fh-1_flow_fbk,#biotech_336_hvac/fh-1_sash_pos,,,#biotech_336_hvac/zone_temp,,,,,,,,,,,,,,,,
biotech,1,341,3,biotech_main,#biotech/biotech_3rd_floor/third_floor_fume_hood_lab_spaces/lab_341_control/hoodvalve_flow,#biotech/biotech_3rd_floor/third_floor_fume_hood_lab_spaces/lab_341_control/hood_sash,,,#biotech/biotech_3rd_floor/third_floor_fume_hood_lab_spaces/lab_341_control/zone/zone_temp/trend_log,#biotech/ground_flr_mech/building_hydronic_heating_syatems/reheat_heat_exchanger/oat,,,,,,,,,,,,,,,
biotech,1,341B,3,biotech_main,#biotech/biotech_3rd_floor/third_floor_fume_hood_lab_spaces/lab_341b_control/hoodvalve_flow,#biotech/biotech_3rd_floor/third_floor_fume_hood_lab_spaces/lab_341b_control/hood_sash,,,#biotech/biotech_3rd_floor/third_floor_fume_hood_lab_spaces/lab_341b_control/zone/zone_temp/trend_log,#biotech/ground_flr_mech/building_hydronic_heating_syatems/reheat_heat_exchanger/oat,,,,,,,,,,,,,,,
biotech,1,345,3,biotech_main,#biotech/biotech_3rd_floor/third_floor_fume_hood_lab_spaces/lab_345_control/hoodvalve_flow,#biotech/biotech_3rd_floor/third_floor_fume_hood_lab_spaces/lab_345_control/hood_sash,,,#biotech/biotech_3rd_floor/third_floor_fume_hood_lab_spaces/lab_345_control/zone/zone_temp/trend_log,#biotech/ground_flr_mech/building_hydronic_heating_syatems/reheat_heat_exchanger/oat,,,,,,,,,,,,,,,
biotech,1,345B,3,biotech_main,#biotech/biotech_3rd_floor/third_floor_fume_hood_lab_spaces/lab_345b_control/hoodvalve_flow,#biotech/biotech_3rd_floor/third_floor_fume_hood_lab_spaces/lab_345b_control/hood_sash,,,#biotech/biotech_3rd_floor/third_floor_fume_hood_lab_spaces/lab_345b_control/zone/zone_temp/trend_log,#biotech/ground_flr_mech/building_hydronic_heating_syatems/reheat_heat_exchanger/oat,,,,,,,,,,,,,,,
biotech,1,353_EAST,3,biotech_main,#biotech_353_east_hvac/fh-1_flow_fbk,#biotech_353_east_hvac/fh-1_sash_pos,,,#biotech_353_east_hvac/zone_temp,,,,,,,,,,,,,,,,
biotech,1,353_WEST,3,biotech_main,#biotech_353_west_hvac/fh-1_flow_fbk,#biotech_353_west_hvac/fh-1_sash_pos,,,#biotech_353_west_hvac/zone_temp,,,,,,,,,,,,,,,,
biotech,1,360,3,biotech_main,#biotech/biotech_3rd_floor/third_floor_fume_hood_lab_spaces/lab_360_control/hoodvalve_flow,#biotech/biotech_3rd_floor/third_floor_fume_hood_lab_spaces/lab_360_control/hood_sash,,,#biotech/biotech_3rd_floor/third_floor_fume_hood_lab_spaces/lab_360_control/zone/zone_temp/trend_log,#biotech/ground_flr_mech/building_hydronic_heating_syatems/reheat_heat_exchanger/oat,,,,,,,,,,,,,,,
biotech,1,360B,3,biotech_main,#biotech/biotech_3rd_floor/third_floor_fume_hood_lab_spaces/lab_360b_control/hoodvalve_flow,#biotech/biotech_3rd_floor/third_floor_fume_hood_lab_spaces/lab_360b_control/hood_sash,,,#biotech/biotech_3rd_floor/third_floor_fume_hood_lab_spaces/lab_360b_control/zone/zone_temp/trend_log,#biotech/ground_flr_mech/building_hydronic_heating_syatems/reheat_heat_exchanger/oat,,,,,,,,,,,,,,,
biotech,1,367,3,biotech_main,#biotech/biotech_3rd_floor/third_floor_fume_hood_lab_spaces/lab_367_control/hoodvalve_flow,#biotech/biotech_3rd_floor/third_floor_fume_hood_lab_spaces/lab_367_control/hood_sash,,,#biotech/biotech_3rd_floor/third_floor_fume_hood_lab_spaces/lab_367_control/zone/zone_temp/trend_log,#biotech/ground_flr_mech/building_hydronic_heating_syatems/reheat_heat_exchanger/oat,,,,,,,,,,,,,,,
biotech,1,367B,3,biotech_main,#biotech/biotech_3rd_floor/third_floor_fume_hood_lab_spaces/lab_367b_control/hoodvalve_flow,#biotech/biotech_3rd_floor/third_floor_fume_hood_lab_spaces/lab_367b_control/hood_sash,,,#biotech/biotech_3rd_floor/third_floor_fume_hood_lab_spaces/lab_367b_control/zone/zone_temp/trend_log,#biotech/ground_flr_mech/building_hydronic_heating_syatems/reheat_heat_exchanger/oat,,,,,,,,,,,,,,,
biotech,1,403,4,biotech_main,#biotech/biotech_4th_floor/fourth_floor_fume_hood_lab_spaces/lab_403_control/hoodvalve_flow,#biotech/biotech_4th_floor/fourth_floor_fume_hood_lab_spaces/lab_403_control/hood_sash,,,#biotech/biotech_4th_floor/fourth_floor_fume_hood_lab_spaces/lab_403_control/zone/zone_temp/trend_log,#biotech/ground_flr_mech/building_hydronic_heating_syatems/reheat_heat_exchanger/oat,,,,,,,,,,,,,,,
biotech,1,403B,4,biotech_main,#biotech/biotech_4th_floor/fourth_floor_fume_hood_lab_spaces/lab_403b_control/hoodvalve_flow,#biotech/biotech_4th_floor/fourth_floor_fume_hood_lab_spaces/lab_403b_control/hood_sash,,,#biotech/biotech_4th_floor/fourth_floor_fume_hood_lab_spaces/lab_403b_control/zone/zone_temp/trend_log,#biotech/ground_flr_mech/building_hydronic_heating_syatems/reheat_heat_exchanger/oat,,,,,,,,,,,,,,,
biotech,1,409,4,biotech_main,#biotech/biotech_4th_floor/fourth_floor_fume_hood_lab_spaces/lab_409_control/hoodvalve_flow,#biotech/biotech_4th_floor/fourth_floor_fume_hood_lab_spaces/lab_409_control/hood_sash,,,#biotech/biotech_4th_floor/fourth_floor_fume_hood_lab_spaces/lab_409_control/zone/zone_temp/trend_log,#biotech/ground_flr_mech/building_hydronic_heating_syatems/reheat_heat_exchanger/oat,,,,,,,,,,,,,,,
biotech,1,409B,4,biotech_main,#biotech/biotech_4th_floor/fourth_floor_fume_hood_lab_spaces/lab_409b_control/hoodvalve_flow,#biotech/biotech_4th_floor/fourth_floor_fume_hood_lab_spaces/lab_409b_control/hood_sash,,,#biotech/biotech_4th_floor/fourth_floor_fume_hood_lab_spaces/lab_409b_control/zone/zone_temp/trend_log,#biotech/ground_flr_mech/building_hydronic_heating_syatems/reheat_heat_exchanger/oat,,,,,,,,,,,,,,,
biotech,1,417,4,biotech_main,#biotech/biotech_4th_floor/fourth_floor_fume_hood_lab_spaces/lab_417_control/hoodvalve_flow,#biotech/biotech_4th_floor/fourth_floor_fume_hood_lab_spaces/lab_417_control/hood_sash,,,#biotech/biotech_4th_floor/fourth_floor_fume_hood_lab_spaces/lab_417_control/zone/zone_temp/trend_log,#biotech/ground_flr_mech/building_hydronic_heating_syatems/reheat_heat_exchanger/oat,,,,,,,,,,,,,,,
biotech,1,417B,4,biotech_main,#biotech/biotech_4th_floor/fourth_floor_fume_hood_lab_spaces/lab_417b_control/hoodvalve_flow,#biotech/biotech_4th_floor/fourth_floor_fume_hood_lab_spaces/lab_417b_control/hood_sash,,,#biotech/biotech_4th_floor/fourth_floor_fume_hood_lab_spaces/lab_417b_control/zone/zone_temp/trend_log,#biotech/ground_flr_mech/building_hydronic_heating_syatems/reheat_heat_exchanger/oat,,,,,,,,,,,,,,,
biotech,1,418,4,biotech_main,#biotech/biotech_4th_floor/fourth_floor_fume_hood_lab_spaces/lab_418_control/hoodvalve_flow,#biotech/biotech_4th_floor/fourth_floor_fume_hood_lab_spaces/lab_418_control/hood_sash,,,#biotech/biotech_4th_floor/fourth_floor_fume_hood_lab_spaces/lab_418_control/zone/zone_temp/trend_log,#biotech/ground_flr_mech/building_hydronic_heating_syatems/reheat_heat_exchanger/oat,,,,,,,,,,,,,,,
biotech,1,421,4,biotech_main,#biotech/biotech_4th_floor/fourth_floor_fume_hood_lab_spaces/lab_421_control/hoodvalve_flow,#biotech/biotech_4th_floor/fourth_floor_fume_hood_lab_spaces/lab_421_control/hood_sash,,,#biotech/biotech_4th_floor/fourth_floor_fume_hood_lab_spaces/lab_421_control/zone/zone_temp/trend_log,#biotech/ground_flr_mech/building_hydronic_heating_syatems/reheat_heat_exchanger/oat,,,,,,,,,,,,,,,
biotech,1,421B,4,biotech_main,#biotech/biotech_4th_floor/fourth_floor_fume_hood_lab_spaces/lab_421b_control/hoodvalve_flow,#biotech/biotech_4th_floor/fourth_floor_fume_hood_lab_spaces/lab_421b_control/hood_sash,,,#biotech/biotech_4th_floor/fourth_floor_fume_hood_lab_spaces/lab_421b_control/zone/zone_temp/trend_log,#biotech/ground_flr_mech/building_hydronic_heating_syatems/reheat_heat_exchanger/oat,,,,,,,,,,,,,,,
biotech,1,427B,4,biotech_main,#biotech/biotech_4th_floor/fourth_floor_fume_hood_lab_spaces/lab_427b_control/hoodvalve_flow,#biotech/biotech_4th_floor/fourth_floor_fume_hood_lab_spaces/lab_427b_control/hood_sash,,,#biotech/biotech_4th_floor/fourth_floor_fume_hood_lab_spaces/lab_427b_control/zone/zone_temp/trend_log,#biotech/ground_flr_mech/building_hydronic_heating_syatems/reheat_heat_exchanger/oat,,,,,,,,,,,,,,,
biotech,1,433,4,biotech_main,#biotech/biotech_4th_floor/fourth_floor_fume_hood_lab_spaces/lab_433_control/hoodvalve_flow,#biotech/biotech_4th_floor/fourth_floor_fume_hood_lab_spaces/lab_433_control/hood_sash,,,#biotech/biotech_4th_floor/fourth_floor_fume_hood_lab_spaces/lab_433_control/zone/zone_temp/trend_log,#biotech/ground_flr_mech/building_hydronic_heating_syatems/reheat_heat_exchanger/oat,,,,,,,,,,,,,,,
biotech,1,433B,4,biotech_main,#biotech/biotech_4th_floor/fourth_floor_fume_hood_lab_spaces/lab_433b_control/hoodvalve_flow,#biotech/biotech_4th_floor/fourth_floor_fume_hood_lab_spaces/lab_433b_control/hood_sash,,,#biotech/biotech_4th_floor/fourth_floor_fume_hood_lab_spaces/lab_433b_control/zone/zone_temp/trend_log,#biotech/ground_flr_mech/building_hydronic_heating_syatems/reheat_heat_exchanger/oat,,,,,,,,,,,,,,,
biotech,1,441,4,biotech_main,#biotech/biotech_4th_floor/fourth_floor_fume_hood_lab_spaces/lab_441_control/hoodvalve_flow,#biotech/biotech_4th_floor/fourth_floor_fume_hood_lab_spaces/lab_441_control/hood_sash,,,#biotech/biotech_4th_floor/fourth_floor_fume_hood_lab_spaces/lab_441_control/zone/zone_temp/trend_log,#biotech/ground_flr_mech/building_hydronic_heating_syatems/reheat_heat_exchanger/oat,,,,,,,,,,,,,,,
biotech,1,441B,4,biotech_main,#biotech/biotech_4th_floor/fourth_floor_fume_hood_lab_spaces/lab_441b_control/hoodvalve_flow,#biotech/biotech_4th_floor/fourth_floor_fume_hood_lab_spaces/lab_441b_control/hood_sash,,,#biotech/biotech_4th_floor/fourth_floor_fume_hood_lab_spaces/lab_441b_control/zone/zone_temp/trend_log,#biotech/ground_flr_mech/building_hydronic_heating_syatems/reheat_heat_exchanger/oat,,,,,,,,,,,,,,,
biotech,1,445,4,biotech_main,#biotech/biotech_4th_floor/fourth_floor_fume_hood_lab_spaces/lab_445_control/hoodvalve_flow,#biotech/biotech_4th_floor/fourth_floor_fume_hood_lab_spaces/lab_445_control/hood_sash,,,#biotech/biotech_4th_floor/fourth_floor_fume_hood_lab_spaces/lab_445_control/zone/zone_temp/trend_log,#biotech/ground_flr_mech/building_hydronic_heating_syatems/reheat_heat_exchanger/oat,,,,,,,,,,,,,,,
biotech,1,445B,4,biotech_main,#biotech/biotech_4th_floor/fourth_floor_fume_hood_lab_spaces/lab_445b_control/hoodvalve_flow,#biotech/biotech_4th_floor/fourth_floor_fume_hood_lab_spaces/lab_445b_control/hood_sash,,,#biotech/biotech_4th_floor/fourth_floor_fume_hood_lab_spaces/lab_445b_control/zone/zone_temp/trend_log,#biotech/ground_flr_mech/building_hydronic_heating_syatems/reheat_heat_exchanger/oat,,,,,,,,,,,,,,,
biotech,1,453,4,biotech_main,#biotech/biotech_4th_floor/fourth_floor_fume_hood_lab_spaces/lab_453_control/hoodvalve_flow,#biotech/biotech_4th_floor/fourth_floor_fume_hood_lab_spaces/lab_453_control/hood_sash,,,#biotech/biotech_4th_floor/fourth_floor_fume_hood_lab_spaces/lab_453_control/zone/zone_temp/trend_log,#biotech/ground_flr_mech/building_hydronic_heating_syatems/reheat_heat_exchanger/oat,,,,,,,,,,,,,,,
biotech,1,453B,4,biotech_main,#biotech/biotech_4th_floor/fourth_floor_fume_hood_lab_spaces/lab_453b_control/hoodvalve_flow,#biotech/biotech_4th_floor/fourth_floor_fume_hood_lab_spaces/lab_453b_control/hood_sash,,,#biotech/biotech_4th_floor/fourth_floor_fume_hood_lab_spaces/lab_453b_control/zone/zone_temp/trend_log,#biotech/ground_flr_mech/building_hydronic_heating_syatems/reheat_heat_exchanger/oat,,,,,,,,,,,,,,,
biotech,1,457,4,biotech_main,#biotech/biotech_4th_floor/fourth_floor_fume_hood_lab_spaces/lab_457_control/hoodvalve_flow,#biotech/biotech_4th_floor/fourth_floor_fume_hood_lab_spaces/lab_457_control/hood_sash,,,#biotech/biotech_4th_floor/fourth_floor_fume_hood_lab_spaces/lab_457_control/zone/zone_temp/trend_log,#biotech/ground_flr_mech/building_hydronic_heating_syatems/reheat_heat_exchanger/oat,,,,,,,,,,,,,,,
biotech,1,457B,4,biotech_main,#biotech/biotech_4th_floor/fourth_floor_fume_hood_lab_spaces/lab_457b_control/hoodvalve_flow,#biotech/biotech_4th_floor/fourth_floor_fume_hood_lab_spaces/lab_457b_control/hood_sash,,,#biotech/biotech_4th_floor/fourth_floor_fume_hood_lab_spaces/lab_457b_control/zone/zone_temp/trend_log,#biotech/ground_flr_mech/building_hydronic_heating_syatems/reheat_heat_exchanger/oat,,,,,,,,,,,,,,,
olin,1,B01,B,biotech_main,,,,,#area17/lab_b01_control/m001,,,,,,,,,,,,,,,,
olin,1,B02,B,biotech_main,#olin_basement/lab_spaces/lab_b02_control/vavhoodvlv_flow,,,,#olin_basement/lab_spaces/lab_b02_control/zone/zone_temp,,,,,,,,,,,,,,,,
olin,1,B05-1,B,biotech_main,#olin_basement/lab_spaces/lab_b05-1_control/hoodvalve_flow,,,,#olin_basement/lab_spaces/lab_b05-1_control/zone/zone_temp,,,,,,,,,,,,,,,,
olin,2,B05-2,B,biotech_main,#olin_basement/lab_spaces/lab_b05-2_control/hoodvalve_flow,,,,#olin_basement/lab_spaces/lab_b05-2_control/zone/zone_temp,,,,,,,,,,,,,,,,
olin,1,B06,B,biotech_main,#olin_basement/lab_spaces/lab_b06_control/hoodvalve_flow,#olin_basement/lab_spaces/lab_b06_control/hood_sash,,,#olin_basement/lab_spaces/lab_b06_control/zone/zone_temp,,,,,,,,,,,,,,,,
olin,1,101,1,biotech_main,#olin_first_floor/lab_spaces/lab_101_control/hoodvalve_flow,,,,#olin_first_floor/lab_spaces/lab_101_control/zone/zone_temp,,,,,,,,,,,,,,,,
olin,1,102,1,biotech_main,#olin_first_floor/lab_spaces/lab_102_control/hoodvalve_flow,,,,#olin_first_floor/lab_spaces/lab_102_control/zone/zone_temp,,,,,,,,,,,,,,,,
olin,1,103,1,biotech_main,#olin_first_floor/lab_spaces/lab_103_control/fh-1_flow_fbk,#olin_first_floor/lab_spaces/lab_103_control/fh-1_sash_pos,,,#olin_first_floor/lab_spaces/lab_103_control/zone_temp,,,,,,,,,,,,,,,,
olin,1,104,1,biotech_main,#olin_first_floor/lab_spaces/lab_104_control/hoodvalve_flow_av,,,,#olin_first_floor/lab_spaces/lab_104_control/zone/zone_temp,,,,,,,,,,,,,,,,
olin,1,105,1,biotech_main,#olin_first_floor/lab_spaces/lab_105_control/fh-1_flow_fbk,#olin_first_floor/lab_spaces/lab_105_control/fh-1_sash_pos,,,#olin_first_floor/lab_spaces/lab_105_control/zone_temp,,,,,,,,,,,,,,,,
olin,1,106,1,biotech_main,#olin_first_floor/lab_spaces/lab_106_control/hoodvalve_flow_av,,,,#olin_first_floor/lab_spaces/lab_106_control/zone/zone_temp,,,,,,,,,,,,,,,,
olin,1,107,1,biotech_main,,#olin_first_floor/lab_spaces/lab_107_control/fh1_sash_pos,,,#olin_first_floor/lab_spaces/lab_107_control/lstat/zone_temp,,,,,,,,,,,,,,,,
olin,2,107,1,biotech_main,,#olin_first_floor/lab_spaces/lab_107_control/fh2_sash_pos,,,#olin_first_floor/lab_spaces/lab_107_control/lstat/zone_temp,,,,,,,,,,,,,,,,
olin,1,108,1,biotech_main,#olin_first_floor/lab_spaces/lab_108_control/hoodvalve_flow_av,,,,#olin_first_floor/lab_spaces/lab_108_control/zone/zone_temp,,,,,,,,,,,,,,,,
olin,1,110,1,biotech_main,#olin_first_floor/lab_spaces/lab_110_control/hoodvalve_flow,,,,#olin_first_floor/lab_spaces/lab_110_control/zone/zone_temp,,,,,,,,,,,,,,,,
olin,1,111,1,biotech_main,,#olin_lab_111_control/fh1_sash_pos,,,#olin_lab_111_control/zone_temp,,,,,,,,,,,,,,,,
olin,1,202,2,biotech_main,#olin_second_floor/lab_spaces/lab_202_control/hoodvalve_flow,,,,#olin_second_floor/lab_spaces/lab_202_control/zone/zone_temp,,,,,,,,,,,,,,,,
olin,1,203,2,biotech_main,#olin_second_floor/lab_spaces/lab_203_control/hoodvalve_flow,,,,#olin_second_floor/lab_spaces/lab_203_control/zone/zone_temp,,,,,,,,,,,,,,,,
olin,1,204,2,biotech_main,#olin_second_floor/lab_spaces/lab_204_control/hoodvalve_flow_av,,,,#olin_second_floor/lab_spaces/lab_204_control/zonetemp,,,,,,,,,,,,,,,,
olin,1,205,2,biotech_main,#olin_second_floor/lab_spaces/lab_205_control/hoodvalve_flow,,,,#olin_second_floor/lab_spaces/lab_205_control/zone/zone_temp,,,,,,,,,,,,,,,,
olin,1,207,2,biotech_main,#olin_second_floor/lab_spaces/lab_207_control/hoodvalve_flow,,,,#olin_second_floor/lab_spaces/lab_207_control/zone/zone_temp,,,,,,,,,,,,,,,,
olin,1,209,2,biotech_main,#olin_second_floor/lab_spaces/lab_209_control/hoodvalve_flow,,,,#olin_second_floor/lab_spaces/lab_209_control/zone/zone_temp,,,,,,,,,,,,,,,,
olin,1,210,2,biotech_main,#olin_second_floor/lab_spaces/lab_210_control/hoodvalve_flow,,,,#olin_second_floor/lab_spaces/lab_210_control/zone/zone_temp,,,,,,,,,,,,,,,,
olin,1,211,2,biotech_main,#olin_second_floor/lab_spaces/lab_211_control/hood_flow,,,,#olin_second_floor/lab_spaces/lab_211_control/zone/zone_temp,,,,,,,,,,,,,,,,
olin,1,212,2,biotech_main,#olin_second_floor/lab_spaces/lab_212_control/hoodvalve_flow,,,,#olin_second_floor/lab_spaces/lab_212_control/zone/zone_temp,,,,,,,,,,,,,,,,
olin,1,276,2,biotech_main,#olinhhall_lab_276/fh-1_flow_fbk,#olinhhall_lab_276/fh-1_sash_pos,,,#olinhhall_lab_276/zone_temp,,,,,,,,,,,,,,,,
olin,2,276,2,biotech_main,#olinhhall_lab_276/fh-2_flow_fb,#olinhhall_lab_276/fh-2_sash_pos,,,#olinhhall_lab_276/zone_temp,,,,,,,,,,,,,,,,
olin,3,276,2,biotech_main,#olinhhall_lab_276/fh-3_flow_fbk,#olinhhall_lab_276/fh-3_sash_pos,,,#olinhhall_lab_276/zone_temp,,,,,,,,,,,,,,,,
olin,4,276,2,biotech_main,#olinhhall_lab_276/fh-4_flow_fbk,#olinhhall_lab_276/fh-4_sash_pos,,,#olinhhall_lab_276/zone_temp,,,,,,,,,,,,,,,,
olin,5,276,2,biotech_main,#olinhhall_lab_276/fh-5_flow_fbk,#olinhhall_lab_276/fh-5_sash_pos,,,#olinhhall_lab_276/zone_temp,,,,,,,,,,,,,,,,
olin,6,276,2,biotech_main,#olinhhall_lab_276/fh-6_flow_fbk,#olinhhall_lab_276/fh-6_sash_pos,,,#olinhhall_lab_276/zone_temp,,,,,,,,,,,,,,,,
olin,1,276D,2,biotech_main,#olinhhall_lab_276d/fh-1_flow_fbk,#olinhhall_lab_276d/fh-1_sash_pos,,,#olinhhall_lab_276d/zone_temp,,,,,,,,,,,,,,,,
olin,2,276D,2,biotech_main,#olinhhall_lab_276d/fh-2_flow_fbk,#olinhhall_lab_276d/fh-2_sash_pos,,,#olinhhall_lab_276d/zone_temp,,,,,,,,,,,,,,,,
olin,1,301,3,biotech_main,,,,,#olin_third_floor/lab_spaces/lab_301_control/zone/zone_temp,,,,,,,,,,,,,,,,
olin,1,303,3,biotech_main,#olin_third_floor/lab_spaces/lab_303_control/hoodvalve_flow,,,,#olin_third_floor/lab_spaces/lab_303_control/zone/zone_temp,,,,,,,,,,,,,,,,
olin,1,304-1,3,biotech_main,,,,,#olin_third_floor/lab_spaces/lab_304-1_control/zone/zone_temp,,,,,,,,,,,,,,,,
olin,1,304-2,3,biotech_main,#olin_third_floor/lab_spaces/lab_304-2_control/hood_flow,,,,#olin_third_floor/lab_spaces/lab_304-2_control/zone/zone_temp,,,,,,,,,,,,,,,,
olin,1,305,3,biotech_main,#olin_third_floor/lab_spaces/lab_305_control/hoodvalve_flow,,,,#olin_third_floor/lab_spaces/lab_305_control/zone/zone_temp,,,,,,,,,,,,,,,,
olin,1,306,3,biotech_main,#olin_third_floor/lab_spaces/lab_306_control/hoodvalve_flow,,,,#olin_third_floor/lab_spaces/lab_306_control/zone/zone_temp,,,,,,,,,,,,,,,,
olin,1,307,3,biotech_main,#olin_third_floor/lab_spaces/lab_307_control/hoodvalve_flow,,,,#olin_third_floor/lab_spaces/lab_307_control/zone/zone_temp,,,,,,,,,,,,,,,,
olin,1,308,3,biotech_main,#olin_third_floor/lab_spaces/lab_308_control/hood_flow,,,,#olin_third_floor/lab_spaces/lab_308_control/zone/zone_temp,,,,,,,,,,,,,,,,
olin,1,309,3,biotech_main,#olin_third_floor/lab_spaces/lab_309_control/hoodvalve_flow,,,,#olin_third_floor/lab_spaces/lab_309_control/zone/zone_temp,,,,,,,,,,,,,,,,
olin,1,310,3,biotech_main,#olin_third_floor/lab_spaces/lab_310_control/hoodvalve_flow,,,,#olin_third_floor/lab_spaces/lab_310_control/zone/zone_temp,,,,,,,,,,,,,,,,
olin,1,311,3,biotech_main,#olin_third_floor/lab_spaces/lab_311_control/hoodvalve_flow,,,,#olin_third_floor/lab_spaces/lab_311_control/zone/zone_temp,,,,,,,,,,,,,,,,
olin,1,367,3,biotech_main,#olinhhall_lab_367/fh-1_flow_fbk,#olinhhall_lab_367/fh-1_sash_pos,,,#olinhhall_lab_367/zone_temp,,,,,,,,,,,,,,,,
olin,2,367,3,biotech_main,#olinhhall_lab_367/fh-2_flow_fbk,#olinhhall_lab_367/fh-2_sash_pos,,,#olinhhall_lab_367/zone_temp,,,,,,,,,,,,,,,,
olin,3,367,3,biotech_main,#olinhhall_lab_367/fh-3_flow_fbk,#olinhhall_lab_367/fh-3_sash_pos,,,#olinhhall_lab_367/zone_temp,,,,,,,,,,,,,,,,
olin,4,367,3,biotech_main,#olinhhall_lab_367/fh-4_flow_fbk,#olinhhall_lab_367/fh-4_sash_pos,,,#olinhhall_lab_367/zone_temp,,,,,,,,,,,,,,,,
olin,1,367D,3,biotech_main,#olinhhall_lab_367d/fh-1_flow_fbk,#olinhhall_lab_367d/fh-1_sash_pos,,,#olinhhall_lab_367d/zone_temp,,,,,,,,,,,,,,,,
olin,1,367F,3,biotech_main,#olinhhall_lab_367f/fh-1_flow_fbk,#olinhhall_lab_367f/fh-1_sash_pos,,,#olinhhall_lab_367f/zone_temp,,,,,,,,,,,,,,,,
bard,1,B44A,B,biotech_main,#bard_hall_lab_b44_accutrol/fh-1_flow_fbk,#bard_hall_lab_b44_accutrol/fh-1_sash_pos,,,,,,,,,,,,,,,,,,,
bard,1,B47,B,biotech_main,#bard_lab_b47/fh-1_flow_fbk,#bard_lab_b47/fh-1_sash_pos,,,#bard_lab_b47/zone_temp,,,,,,,,,,,,,,,,
bard,1,B58,B,biotech_main,#bard_lab_b58/hev_flow_fbk,#bard_lab_b58/fh_sash_pos,,,#bard_lab_b58/lstat,,,,,,,,,,,,,,,,
bard,2,B58,B,biotech_main,#bard_lab_b58/ada_hev_flow_fbk,#bard_lab_b58/ada_fh_sash_pos,,,#bard_lab_b58/lstat,,,,,,,,,,,,,,,,
bard,1,SB28,S,biotech_main,#bard_lab_sb28/fh-1_flow_fbk,#bard_lab_sb28/fh-1_sash_pos,,,#bard_lab_sb28/zone_temp,,,,,,,,,,,,,,,,
bard,2,SB28,S,biotech_main,#bard_lab_sb28/fh-2_flow_fbk,#bard_lab_sb28/fh-2_sash_pos,,,#bard_lab_sb28/zone_temp,,,,,,,,,,,,,,,,
bard,3,SB38,S,biotech_main,#bard_lab_sb28/fh-3_flow_fbk,#bard_lab_sb28/fh-3_sash_pos,,,#bard_lab_sb28/zone_temp,,,,,,,,,,,,,,,,
bard,1,SB36,S,biotech_main,#bard_sb36_sav_fev/fh-1_flow_fbk,#bard_sb36_sav_fev/fh-1_sash_pos,,,#bard_sb36_sav_fev/zone_temp,,,,,,,,,,,,,,,,
bard,1,SB40,S,biotech_main,#bard_sb40_sav_fev/fh-1_flow_fbk,#bard_sb40_sav_fev/fh-1_sash_pos,,,#bard_sb40_sav_fev/zone_temp,,,,,,,,,,,,,,,,
bard,1,SB60,S,biotech_main,#bard_lab_sb60/fh-1_flow_fbk,#bard_lab_sb60/fh-1_sash_pos,,,#bard_lab_sb60/zone_temp,,,,,,,,,,,,,,,,
bard,2,SB60,S,biotech_main,#bard_lab_sb60/fh-2_flow_fbk,#bard_lab_sb60/fh-2_sash_pos,,,#bard_lab_sb60/zone_temp,,,,,,,,,,,,,,,,
bard,3,SB60,S,biotech_main,#bard_lab_sb60/fh-3_flow_fbk,#bard_lab_sb60/fh-3_sash_pos,,,#bard_lab_sb60/zone_temp,,,,,,,,,,,,,,,,
bard,4,SB60,S,biotech_main,#bard_lab_sb60/fh-4_flow_fbk,#bard_lab_sb60/fh-4_sash_pos,,,#bard_lab_sb60/zone_temp,,,,,,,,,,,,,,,,
bard,5,SB60,S,biotech_main,#bard_lab_sb60/fh-5_flow_fbk,#bard_lab_sb60/fh-5_sash_pos,,,#bard_lab_sb60/zone_temp,,,,,,,,,,,,,,,,
bard,6,SB60,S,biotech_main,#bard_lab_sb60/fh-6_flow_fbk,#bard_lab_sb60/fh-6_sash_pos,,,#bard_lab_sb60/zone_temp,,,,,,,,,,,,,,,,
bard,1,131,1,biotech_main,#bard_lab_131/fh-1_flow_fbk,#bard_lab_131/fh-1_sash_pos,,,#bard_lab_131/zone_temp,,,,,,,,,,,,,,,,
bard,2,131,1,biotech_main,#bard_lab_131/fh-2_flow_fbk,#bard_lab_131/fh-2_sash_pos,,,#bard_lab_131/zone_temp,,,,,,,,,,,,,,,,
bard,1,150,1,biotech_main,#bard_lab_150/fh-1_flow_fbk,#bard_lab_150/fh-1_sash_pos,,,#bard_lab_150/zone_temp,,,,,,,,,,,,,,,,
bard,2,150,1,biotech_main,#bard_lab_150/fh-2_flow_fbk,#bard_lab_150/fh-2_sash_pos,,,#bard_lab_150/zone_temp,,,,,,,,,,,,,,,,
bard,3,150,1,biotech_main,#bard_lab_150/fh-3_flow_fbk,#bard_lab_150/fh-3_sash_pos,,,#bard_lab_150/zone_temp,,,,,,,,,,,,,,,,
bard,4,150,1,biotech_main,#bard_lab_150/fh-4_flow_fbk,#bard_lab_150/fh-4_sash_pos,,,#bard_lab_150/zone_temp,,,,,,,,,,,,,,,,
bard,5,150,1,biotech_main,#bard_lab_150/fh-5_flow_fbk,#bard_lab_150/fh-5_sash_pos,,,#bard_lab_150/zone_temp,,,,,,,,,,,,,,,,
bard,1,156,1,biotech_main,#bard_lab_156/fh-1_flow_fbk,#bard_lab_156/fh-1_sash_pos,,,#bard_lab_156/zone_temp,,,,,,,,,,,,,,,,
bard,1,247,2,biotech_main,#bard_lab_247/sav-2_flow_fbk,#bard_lab_247/fh-1_sash_pos,,,#bard_lab_247/zone_temp,,,,,,,,,,,,,,,,
bard,2,247,2,biotech_main,#bard_lab_247/fh-2_flow_fbk,#bard_lab_247/fh-2_sash_pos,,,#bard_lab_247/zone_temp,,,,,,,,,,,,,,,,
bard,1,250,2,biotech_main,#bard_lab_250/fh-1_flow_fbk,#bard_lab_250/fh-1_sash_pos,,,#bard_lab_250/zone_temp,,,,,,,,,,,,,,,,
bard,1,258,2,biotech_main,#bard_lab_258-258a/fh-1_flow_fbk,#bard_lab_258-258a/fh-1_sash_pos,,,#bard_lab_258-258a/zone_temp,,,,,,,,,,,,,,,,
bard,1,344,3,biotech_main,#bard_lab_344/fh-1_flow_fbk,#bard_lab_344/fh-2_sash_pos,,,#bard_lab_344/zone_temp,,,,,,,,,,,,,,,,
bard,2,344,3,biotech_main,#bard_lab_344/fh-2_flow_fbk,#bard_lab_344/fh-2_sash_pos,,,#bard_lab_344/zone_temp,,,,,,,,,,,,,,,,
bard,1,347,3,biotech_main,#bard_lab_345_347/fh-1_flow_fbk,#bard_lab_345_347/fh-1_sash_pos,,,#bard_lab_345_347/zone_temp,,,,,,,,,,,,,,,,
bard,1,350,3,biotech_main,#bard_lab_350/fh-1_flow_fbk,#bard_lab_350/fh-1_sash_pos,,,#bard_lab_350/zone_temp,,,,,,,,,,,,,,,,
bard,2,350,3,biotech_main,#bard_lab_350/fh-2_flow_fbk,#bard_lab_350/fh-2_sash_pos,,,#bard_lab_350/zone_temp,,,,,,,,,,,,,,,,
bard,3,350,3,biotech_main,#bard_lab_350/fh-3_flow_fbk,#bard_lab_350/fh-3_sash_pos,,,#bard_lab_350/zone_temp,,,,,,,,,,,,,,,,
bard,4,350,3,biotech_main,#bard_lab_350/fh-4_flow_fbk,#bard_lab_350/fh-4_sash_pos,,,#bard_lab_350/zone_temp,,,,,,,,,,,,,,,,
bard,1,359,3,biotech_main,#bard_lab_359/fh-1_flow_fbk,#bard_lab_359/fh-1_sash_pos,,,#bard_lab_359/zone_temp,,,,,,,,,,,,,,,,
bard,2,359,3,biotech_main,#bard_lab_359/fh-2_flow_fbk,#bard_lab_359/fh-2_sash_pos,,,#bard_lab_359/zone_temp,,,,,,,,,,,,,,,,
bard,3,359,3,biotech_main,#bard_lab_359/fh-3_flow_fbk,#bard_lab_359/fh-3_sash_pos,,,#bard_lab_359/zone_temp,,,,,,,,,,,,,,,,
bard,4,359,3,biotech_main,#bard_lab_359/fh-4_flow_fbk,#bard_lab_359/fh-4_sash_pos,,,#bard_lab_359/zone_temp,,,,,,,,,,,,,,,,
bard,1,361,3,biotech_main,#bard_lab_361/fh-1_flow_fbk,#bard_lab_361/fh-1_sash_pos,,,#bard_lab_361/zone_temp,,,,,,,,,,,,,,,,
bard,1,356,3,biotech_main,#bard_hall_lab_356/fh-1_flow_fbk,#bard_hall_lab_356/fh-1_sash_pos,,,#bard_hall_lab_356/zone_temp,,,,,,,,,,,,,,,,
bard,2,356,3,biotech_main,#bard_hall_lab_356/fh-2_flow_fbk,#bard_hall_lab_356/fh-2_sash_pos,,,#bard_hall_lab_356/zone_temp,,,,,,,,,,,,,,,,
bard,3,356,3,biotech_main,#bard_hall_lab_356/fh-3_flow_fbk,#bard_hall_lab_356/fh-3_sash_pos,,,#bard_hall_lab_356/zone_temp,,,,,,,,,,,,,,,,
weill,1,B05A,B,weill_main,#b-5a/hev_flow_fbk,#b-5a/fh_sash_pos,,,#b-5a/ctrl,,,,,,,,,,,,,,,,
weill,1,B07A,B,weill_main,#lstb_b-07_north/hev_flow_fbk,#lstb_b-07_north/fh_sash_pos,,,#lstb_b-07_north/lstat/zone_temp,,,,,,,,,,,,,,,,
weill,1,B07D,B,weill_main,#lstb_b-07d/hev_flow_fbk,#lstb_b-07d/fh_sash_pos,,,#lstb_b-07d/lstat/zone_temp,,,,,,,,,,,,,,,,
weill,1,B25,B,weill_main,#weillhall_lab_b25/hev_flow_fbk,#weillhall_lab_b25/fh_sash_pos,,,#weillhall_lab_b25/zone_temp,,,,,,,,,,,,,,,,
weill,1,B36,B,weill_main,#b-36/hev_flow_fbk,#b-36/fh_sash_pos,,,#b-36/ctrl,,,,,,,,,,,,,,,,
weill,1,B54,B,weill_main,#b-54/hev_flow_fbk,#b-54/fh_sash_pos,,,#b-54/ctrl,,,,,,,,,,,,,,,,
weill,1,B60,B,weill_main,#b-60/hev_flow_fbk,#b-60/fh_sash_pos,,,#b-60/ctrl,,,,,,,,,,,,,,,,
weill,1,140,1,weill_main,#weill_hall_140_140a/fh-1_flow_fbk,#weill_hall_140_140a/fh-1_sash_pos,,,#weill_hall_140_140a/zone_temp,,,,,,,,,,,,,,,,
weill,2,140,1,weill_main,#weill_hall_140_140a/fh-2_flow_fbk,#weill_hall_140_140a/fh-2_sash_pos,,,#weill_hall_140_140a/zone_temp,,,,,,,,,,,,,,,,
weill,3,140,1,weill_main,#weill_hall_140_140a/fh-3_flow_fbk,#weill_hall_140_140a/fh-3_sash_pos,,,#weill_hall_140_140a/zone_temp,,,,,,,,,,,,,,,,
weill,4,140,1,weill_main,#weill_hall_140_140a/fh-4_flow_fbk,#weill_hall_140_140a/fh-4_sash_pos,,,#weill_hall_140_140a/zone_temp,,,,,,,,,,,,,,,,
weill,5,140,1,weill_main,#weill_hall_140_140a/fh-5_flow_fbk,#weill_hall_140_140a/fh-5_sash_pos,,,#weill_hall_140_140a/zone_temp,,,,,,,,,,,,,,,,
weill,6,140,1,weill_main,#weill_hall_140_140a/fh-6_flow_fbk,#weill_hall_140_140a/fh-6_sash_pos,,,#weill_hall_140_140a/zone_temp,,,,,,,,,,,,,,,,
weill,1,160,1,weill_main,#1-60/hev_flow_fbk,#1-60/fh_sash_pos,,,#1-60/ctrl,,,,,,,,,,,,,,,,
weill,1,252,2,weill_main,#2-52/hev_flow_fbk,#2-52/fh_sash_pos,,,#2-52/ctrl,,,,,,,,,,,,,,,,
weill,1,308,3,weill_main,#lstb_lab_308/hev_flow_fbk,#lstb_lab_308/fh_sash_pos,,,#lstb_lab_308/lstat/zone_temp,,,,,,,,,,,,,,,,
weill,1,134A,1,weill_main,#1-34a/hev_flow_fbk,#1-34a/fh_sash_pos,,,#1-34a/ctrl,,,,,,,,,,,,,,,,
weill,1,134B,1,weill_main,,,,,,,,,,,,,,,,,,,,,
weill,1,148B-01,1,weill_main,#1-48b/hev1_flow_fbk,#1-48b/fh_sash_pos,,,#1-48b/ctrl,,,,,,,,,,,,,,,,
weill,2,148B-02,1,weill_main,#1-48b/hev2_flow_fbk,#1-48b/fh2_sash_pos,,,#1-48b/ctrl,,,,,,,,,,,,,,,,
weill,3,148B-03,1,weill_main,#1-48b/hev3_flow_fbk,#1-48b/fh3_sash_pos,,,#1-48b/ctrl,,,,,,,,,,,,,,,,
weill,1,148A,1,weill_main,#1-48a/hev_flow_fbk,#1-48a/fh_sash_pos,,,#1-48a/ctrl,,,,,,,,,,,,,,,,
weill,1,156A,1,weill_main,#1-56a/hev_flow_fbk,#1-56a/fh_sash_pos,,,#1-56a/ctrl,,,,,,,,,,,,,,,,
weill,1,164A,1,weill_main,#1-64a/hev_flow_fbk,#1-64a/fh_sash_pos,,,#1-64a/ctrl,,,,,,,,,,,,,,,,
weill,1,202A,2,weill_main,#2-2a_phx-13/hev_flow_fbk,#2-2a_phx-13/fh_sash_pos,,,#2-2a_phx-13/ctr,,,,,,,,,,,,,,,,
weill,1,218A,2,weill_main,#2-18a/hev_flow_fbk,#2-18a/fh_sash_pos,,,#2-18a/ctrl,,,,,,,,,,,,,,,,
weill,1,234A,2,weill_main,#2-34a/hev_flow_fbk,#2-34a/fh_sash_pos,,,#2-34a/ctrl,,,,,,,,,,,,,,,,
weill,1,238C,2,weill_main,#2-38c/hev_flow_fbk,#2-38c/fh_sash_pos,,,#2-38c/ctrl,,,,,,,,,,,,,,,,
weill,1,240,2,weill_main,#2-40/hev_flow_fbk,#2-40/fh_sash_pos,,,#2-40/ctrl,,,,,,,,,,,,,,,,
weill,1,240A,2,weill_main,#2-40a/hev_flow_fbk,#2-40a/fh_sash_pos,,,#2-40a/ctrl,,,,,,,,,,,,,,,,
weill,1,248A,2,weill_main,#2-48a/hev_flow_fbk,#2-48a/fh_sash_pos,,,#2-48a/ctrl,,,,,,,,,,,,,,,,
weill,1,252A,2,weill_main,#2-52a/hev_flow_fbk,#2-52a/fh_sash_pos,,,#2-52a/ctrl,,,,,,,,,,,,,,,,
weill,1,256A,2,weill_main,,,,,#2-56a/ctrl,,,,,,,,,,,,,,,,
weill,1,260,2,weill_main,#2-60/hev_flow_fbk,#2-60/fh_sash_pos,,,#2-60/ctrl,,,,,,,,,,,,,,,,
weill,1,264B,2,weill_main,#2-64a/hev_flow_fbk,#2-64a/fh_sash_pos,,,#2-64a/ctrl,,,,,,,,,,,,,,,,
weill,1,309B,3,weill_main,#3-9b/hev_flow_fbk,#3-9b/fh_sash_pos,,,#3-9b/ctrl,,,,,,,,,,,,,,,,
weill,1,310B,3,weill_main,#3-10b/hev_flow_fbk,#3-10b/fh_sash_pos,,,#3-10b/ctrl,,,,,,,,,,,,,,,,
weill,1,313B,3,weill_main,#3-13b/hev_flow_fbk,#3-13b/fh_sash_pos,,,#3-13b/ctrl,,,,,,,,,,,,,,,,
weill,1,314B,3,weill_main,#3-14b/hev_flow_fbk,#3-14b/fh_sash_pos,,,#3-14b/ctrl,,,,,,,,,,,,,,,,
weill,1,334A,3,weill_main,#3-34a/hev_flow_fbk,#3-34a/fh_sash_pos,,,#3-34a/ctrl,,,,,,,,,,,,,,,,
weill,1,338C,3,weill_main,#3-38c/hev_flow_fbk,#3-38c/fh_sash_pos,,,#3-38c/ctrl,,,,,,,,,,,,,,,,
weill,1,340,3,weill_main,#3-40/hev_flow_fbk,#3-40/fh_sash_pos,,,#3-40/ctrl,,,,,,,,,,,,,,,,
weill,1,340A,3,weill_main,#3-40a/hev_flow_fbk,#3-40a/fh_sash_pos,,,#3-40a/ctrl,,,,,,,,,,,,,,,,
weill,1,348A,3,weill_main,#3-48a/hev_flow_fbk,#3-48a/fh_sash_pos,,,#3-48a/ctrl,,,,,,,,,,,,,,,,
weill,1,352,3,weill_main,#3-52/hev_flow_fbk,#3-52/fh_sash_pos,,,#3-52/ctrl,,,,,,,,,,,,,,,,
weill,1,352B,3,weill_main,#3-52/hev2_flow_fbk,#3-52/fh2_sash_pos,,,#3-52/ctrl,,,,,,,,,,,,,,,,
weill,1,360,3,weill_main,#3-60/hev_flow_fbk,#3-60/fh_sash_pos,,,#3-60/ctrl,,,,,,,,,,,,,,,,
weill,1,364A,3,weill_main,#3-64a/hev_flow_fbk,#3-64a/fh_sash_pos,,,#3-64a/ctrl,,,,,,,,,,,,,,,,
weill,1,409B,4,weill_main,#4-9b/hev_flow_fbk,#4-9b/fh_sash_pos,,,#4-9b/ctrl,,,,,,,,,,,,,,,,
weill,1,410B,4,weill_main,#4-10b/hev_flow_fbk,#4-10b/fh_sash_pos,,,#4-10b/ctrl,,,,,,,,,,,,,,,,
weill,1,413B,4,weill_main,#4-13b/hev_flow_fbk,#4-13b/fh_sash_pos,,,#4-13b/ctrl,,,,,,,,,,,,,,,,
weill,1,414B,4,weill_main,#4-14b/hev_flow_fbk,#4-14b/fh_sash_pos,,,#4-14b/ctrl,,,,,,,,,,,,,,,,
weill,1,434A,4,weill_main,#4-34a/hev_flow_fbk,#4-34a/fh_sash_pos,,,#4-34a/ctrl,,,,,,,,,,,,,,,,
weill,1,438A,4,weill_main,#4-38a/hev_flow_fbk,#4-38a/fh_sash_pos,,,#4-38a/ctrl,,,,,,,,,,,,,,,,
weill,1,440,4,weill_main,#4-40_phx-60/sat,#4-40_phx-60/fh_sash_pos,,,#4-40_phx-60/ctrl,,,,,,,,,,,,,,,,
weill,1,444B,4,weill_main,#4-44b/hev_flow_fbk,#4-44b/fh_sash_pos,,,#4-44b/ctrl,,,,,,,,,,,,,,,,
weill,1,448C,4,weill_main,#4-48c/hev_flow_fbk,#4-48c/fh_sash_pos,,,#4-48c/ctrl,,,,,,,,,,,,,,,,
weill,1,452,4,weill_main,#4-52/hev_flow_fbk,#4-52/fh_sash_pos,,,#4-52/ctrl,,,,,,,,,,,,,,,,
weill,1,452B,4,weill_main,#4-52/hev2_flow_fbk,#4-52/fh2_sash_pos,,,#4-52/ctrl,,,,,,,,,,,,,,,,
weill,1,460,4,weill_main,#4-60b/hev_flow_fbk,#4-60b/fh_sash_pos,,,#4-60b/ctrl,,,,,,,,,,,,,,,,
weill,1,464B,4,weill_main,#4-64a_phx-106/hev_flow_fbk,#4-64a_phx-106/fh_sash_pos,,,#4-64a_phx-106/ctrl,,,,,,,,,,,,,,,,