building,hood,lab,floor,server,flow_sensor,sash_position_sensor,hood_occ_sensor,room_occ_sensor,internal_temp_sensor,external_temp_sensor
biotech,1,G54,G,biotech_main,#biotech/biotech_ground_floor/ground_floor_fume_hood_lab_spaces/lab_g54_control/hoodvalve_flow,#biotech/biotech_ground_floor/ground_floor_fume_hood_lab_spaces/lab_g54_control/hood_sash,,#biotech/biotech_ground_floor/ground_floor_fume_hood_lab_spaces/lab_g54_control/occ,#biotech/biotech_ground_floor/ground_floor_fume_hood_lab_spaces/lab_g54_control/zone/zone_temp/trend_log,#biotech/ground_flr_mech/building_hydronic_heating_syatems/reheat_heat_exchanger/oat
biotech,1,141,1,biotech_main,#biotech/biotech_1st_floor/first_floor_fume_hood_lab_spaces/lab_141_control/hoodvalve_flow,#biotech/biotech_1st_floor/first_floor_fume_hood_lab_spaces/lab_141_control/hood_sash,,#biotech/biotech_1st_floor/first_floor_fume_hood_lab_spaces/lab_141_control/occ,#biotech/biotech_1st_floor/first_floor_fume_hood_lab_spaces/lab_141_control/zone/zone_temp/trend_log,#biotech/ground_flr_mech/building_hydronic_heating_syatems/reheat_heat_exchanger/oat
biotech,1,143,1,biotech_main,#biotech/biotech_1st_floor/first_floor_fume_hood_lab_spaces/lab_143_control/hoodvalve_flow,#biotech/biotech_1st_floor/first_floor_fume_hood_lab_spaces/lab_143_control/hood_sash,,#biotech/biotech_1st_floor/first_floor_fume_hood_lab_spaces/lab_143_control/occ,#biotech/biotech_1st_floor/first_floor_fume_hood_lab_spaces/lab_143_control/zone/zone_temp/trend_log,#biotech/ground_flr_mech/building_hydronic_heating_syatems/reheat_heat_exchanger/oat
biotech,1,147B,1,biotech_main,#biotech/biotech_1st_floor/first_floor_fume_hood_lab_spaces/lab_147b_control/hoodvalve_flow,#biotech/biotech_1st_floor/first_floor_fume_hood_lab_spaces/lab_147b_control/hood_sash,,#biotech/biotech_1st_floor/first_floor_fume_hood_lab_spaces/lab_147b_control/occ,#biotech/biotech_1st_floor/first_floor_fume_hood_lab_spaces/lab_147b_control/zone/zone_temp/trend_log,#biotech/ground_flr_mech/building_hydronic_heating_syatems/reheat_heat_exchanger/oat
biotech,1,153,1,biotech_main,#biotech/biotech_1st_floor/first_floor_fume_hood_lab_spaces/lab_153_control/hoodvalve_flow,#biotech/biotech_1st_floor/first_floor_fume_hood_lab_spaces/lab_153_control/hood_sash,,#biotech/biotech_1st_floor/first_floor_fume_hood_lab_spaces/lab_153_control/occ,#biotech/biotech_1st_floor/first_floor_fume_hood_lab_spaces/lab_153_control/zone/zone_temp/trend_log,#biotech/ground_flr_mech/building_hydronic_heating_syatems/reheat_heat_exchanger/oat
biotech,1,153B,1,biotech_main,#biotech/biotech_1st_floor/first_floor_fume_hood_lab_spaces/lab_153b_control/hoodvalve_flow,#biotech/biotech_1st_floor/first_floor_fume_hood_lab_spaces/lab_153b_control/hood_sash,,#biotech/biotech_1st_floor/first_floor_fume_hood_lab_spaces/lab_153b_control/occ,#biotech/biotech_1st_floor/first_floor_fume_hood_lab_spaces/lab_153b_control/zone/zone_temp/trend_log,#biotech/ground_flr_mech/building_hydronic_heating_syatems/reheat_heat_exchanger/oat
biotech,1,155,1,biotech_main,#biotech/biotech_1st_floor/first_floor_fume_hood_lab_spaces/lab_155_control/hoodvalve_flow,#biotech/biotech_1st_floor/first_floor_fume_hood_lab_spaces/lab_155_control/hood_sash,,#biotech/biotech_1st_floor/first_floor_fume_hood_lab_spaces/lab_155_control/occ,#biotech/biotech_1st_floor/first_floor_fume_hood_lab_spaces/lab_155_control/zone/zone_temp/trend_log,#biotech/ground_flr_mech/building_hydronic_heating_syatems/reheat_heat_exchanger/oat
biotech,1,160,1,biotech_main,#biotech/biotech_1st_floor/first_floor_fume_hood_lab_spaces/lab_160_control/hoodvalve_flow,#biotech/biotech_1st_floor/first_floor_fume_hood_lab_spaces/lab_160_control/hood_sash,,#biotech/biotech_1st_floor/first_floor_fume_hood_lab_spaces/lab_160_control/occ,#biotech/biotech_1st_floor/first_floor_fume_hood_lab_spaces/lab_160_control/zone/zone_temp/trend_log,#biotech/ground_flr_mech/building_hydronic_heating_syatems/reheat_heat_exchanger/oat
biotech,1,203B,2,biotech_main,#biotech_lab_203b_hvac/fh-1_flow_fbk,#biotech_lab_203b_hvac/fh-1_sash_pos,#biotech_lab_203b_hvac/fh_oc,#biotech_lab_203b_hvac/occ_sensor,#biotech_lab_203b_hvac/zone_temp,#biotech/ground_flr_mech/building_hydronic_heating_syatems/reheat_heat_exchanger/oat
biotech,1,209,2,biotech_main,#biotech_209_hvac/fh-1_flow_fbk,#biotech_209_hvac/fh-1_sash_pos,#biotech_209_hvac/fh_occ,#biotech_209_hvac/occ_sensor,#biotech_209_hvac/zone_temp,#biotech/ground_flr_mech/building_hydronic_heating_syatems/reheat_heat_exchanger/oat
biotech,1,209B,2,biotech_main,#biotech_209b_hvac/fh-1_flow_fbk,#biotech_209b_hvac/fh-1_sash_pos,#biotech_209b_hvac/fh_occ,#biotech_209b_hvac/occ_sensor,#biotech_209b_hvac/zone_temp,#biotech/ground_flr_mech/building_hydronic_heating_syatems/reheat_heat_exchanger/oat
biotech,1,245,2,biotech_main,#biotech_245_hvac/fh-1_flow_fbk,#biotech_245_hvac/fh-1_sash_pos,#biotech_245_hvac/fh_occ,#biotech_245_hvac/occ_sensor,#biotech_245_hvac/zone_temp,#biotech/ground_flr_mech/building_hydronic_heating_syatems/reheat_heat_exchanger/oat
biotech,1,245B,2,biotech_main,#biotech_245_hvac/fh-1_flow_fbk,#biotech_lab_245b_hvac/fh-1_sash_pos,#biotech_lab_245b_hvac/fh_occ,#biotech_245_hvac/occ_sensor,#biotech_lab_245b_hvac/zone_temp,#biotech/ground_flr_mech/building_hydronic_heating_syatems/reheat_heat_exchanger/oat
biotech,1,217B,2,biotech_main,#biotech/biotech_2nd_floor/second_floor_fume_hood_lab_spaces/lab_217b_control/hoodvalve_flow,#biotech/biotech_2nd_floor/second_floor_fume_hood_lab_spaces/lab_217b_control/hood_sash,,#biotech/biotech_2nd_floor/second_floor_fume_hood_lab_spaces/lab_217b_control/occ,#biotech/biotech_2nd_floor/second_floor_fume_hood_lab_spaces/lab_217b_control/zone/zone_temp/trend_log,#biotech/ground_flr_mech/building_hydronic_heating_syatems/reheat_heat_exchanger/oat
biotech,1,221,2,biotech_main,#biotech/biotech_2nd_floor/second_floor_fume_hood_lab_spaces/lab_221_control/hoodvalve_flow,#biotech/biotech_2nd_floor/second_floor_fume_hood_lab_spaces/lab_221_control/hood_sash,,#biotech/biotech_2nd_floor/second_floor_fume_hood_lab_spaces/lab_221_control/occ,#biotech/biotech_2nd_floor/second_floor_fume_hood_lab_spaces/lab_221_control/zone/zone_temp/trend_log,#biotech/ground_flr_mech/building_hydronic_heating_syatems/reheat_heat_exchanger/oat
biotech,1,221B,2,biotech_main,#biotech/biotech_2nd_floor/second_floor_fume_hood_lab_spaces/lab_221b_control/hoodvalve_flow,#biotech/biotech_2nd_floor/second_floor_fume_hood_lab_spaces/lab_221b_control/hood_sash,,#biotech/biotech_2nd_floor/second_floor_fume_hood_lab_spaces/lab_221b_control/occ,#biotech/biotech_2nd_floor/second_floor_fume_hood_lab_spaces/lab_221b_control/zone/zone_temp/trend_log,#biotech/ground_flr_mech/building_hydronic_heating_syatems/reheat_heat_exchanger/oat
biotech,1,227,2,biotech_main,#biotech/biotech_2nd_floor/second_floor_fume_hood_lab_spaces/lab_227_control/hoodvalve_flow,#biotech/biotech_2nd_floor/second_floor_fume_hood_lab_spaces/lab_227_control/hood_sash,,#biotech/biotech_2nd_floor/second_floor_fume_hood_lab_spaces/lab_227_control/occ,#biotech/biotech_2nd_floor/second_floor_fume_hood_lab_spaces/lab_227_control/zone/zone_temp/trend_log,#biotech/ground_flr_mech/building_hydronic_heating_syatems/reheat_heat_exchanger/oat
biotech,1,227B,2,biotech_main,#biotech/biotech_2nd_floor/second_floor_fume_hood_lab_spaces/lab_227b_control/hoodvalve_flow,#biotech/biotech_2nd_floor/second_floor_fume_hood_lab_spaces/lab_227b_control/hood_sash,,#biotech/biotech_2nd_floor/second_floor_fume_hood_lab_spaces/lab_227b_control/occ,#biotech/biotech_2nd_floor/second_floor_fume_hood_lab_spaces/lab_227b_control/zone/zone_temp/trend_log,#biotech/ground_flr_mech/building_hydronic_heating_syatems/reheat_heat_exchanger/oat
biotech,1,233,2,biotech_main,#biotech/biotech_2nd_floor/second_floor_fume_hood_lab_spaces/lab_233_control/hoodvalve_flow,#biotech/biotech_2nd_floor/second_floor_fume_hood_lab_spaces/lab_233_control/hood_sash,,#biotech/biotech_2nd_floor/second_floor_fume_hood_lab_spaces/lab_233_control/occ,#biotech/biotech_2nd_floor/second_floor_fume_hood_lab_spaces/lab_233_control/zone/zone_temp/trend_log,#biotech/ground_flr_mech/building_hydronic_heating_syatems/reheat_heat_exchanger/oat
biotech,1,233B,2,biotech_main,#biotech/biotech_2nd_floor/second_floor_fume_hood_lab_spaces/lab_233b_control/hoodvalve_flow,#biotech/biotech_2nd_floor/second_floor_fume_hood_lab_spaces/lab_233b_control/hood_sash,,#biotech/biotech_2nd_floor/second_floor_fume_hood_lab_spaces/lab_233b_control/occ,#biotech/biotech_2nd_floor/second_floor_fume_hood_lab_spaces/lab_233b_control/zone/zone_temp/trend_log,#biotech/ground_flr_mech/building_hydronic_heating_syatems/reheat_heat_exchanger/oat
biotech,1,241,2,biotech_main,#biotech/biotech_2nd_floor/second_floor_fume_hood_lab_spaces/lab_241_control/hoodvalve_flow,#biotech/biotech_2nd_floor/second_floor_fume_hood_lab_spaces/lab_241_control/hood_sash,,#biotech/biotech_2nd_floor/second_floor_fume_hood_lab_spaces/lab_241_control/occ,#biotech/biotech_2nd_floor/second_floor_fume_hood_lab_spaces/lab_241_control/zone/zone_temp/trend_log,#biotech/ground_flr_mech/building_hydronic_heating_syatems/reheat_heat_exchanger/oat
biotech,1,241B,2,biotech_main,#biotech/biotech_2nd_floor/second_floor_fume_hood_lab_spaces/lab_241b_control/hoodvalve_flow,#biotech/biotech_2nd_floor/second_floor_fume_hood_lab_spaces/lab_241b_control/hood_sash,,#biotech/biotech_2nd_floor/second_floor_fume_hood_lab_spaces/lab_241b_control/occ,#biotech/biotech_2nd_floor/second_floor_fume_hood_lab_spaces/lab_241b_control/zone/zone_temp/trend_log,#biotech/ground_flr_mech/building_hydronic_heating_syatems/reheat_heat_exchanger/oat
biotech,1,253,2,biotech_main,#biotech/biotech_2nd_floor/second_floor_fume_hood_lab_spaces/lab_253_control/hoodvalve_flow,#biotech/biotech_2nd_floor/second_floor_fume_hood_lab_spaces/lab_253_control/hood_sash,,#biotech/biotech_2nd_floor/second_floor_fume_hood_lab_spaces/lab_253_control/occ,#biotech/biotech_2nd_floor/second_floor_fume_hood_lab_spaces/lab_253_control/zone/zone_temp/trend_log,#biotech/ground_flr_mech/building_hydronic_heating_syatems/reheat_heat_exchanger/oat
biotech,1,253B,2,biotech_main,#biotech/biotech_2nd_floor/second_floor_fume_hood_lab_spaces/lab_253b_control/hoodvalve_flow,#biotech/biotech_2nd_floor/second_floor_fume_hood_lab_spaces/lab_253b_control/hood_sash,,#biotech/biotech_2nd_floor/second_floor_fume_hood_lab_spaces/lab_253b_control/occ,#biotech/biotech_2nd_floor/second_floor_fume_hood_lab_spaces/lab_253b_control/zone/zone_temp/trend_log,#biotech/ground_flr_mech/building_hydronic_heating_syatems/reheat_heat_exchanger/oat
biotech,1,257,2,biotech_main,#biotech/biotech_2nd_floor/second_floor_fume_hood_lab_spaces/lab_257_control/hoodvalve_flow,#biotech/biotech_2nd_floor/second_floor_fume_hood_lab_spaces/lab_257_control/hood_sash,,#biotech/biotech_2nd_floor/second_floor_fume_hood_lab_spaces/lab_257_control/occ,#biotech/biotech_2nd_floor/second_floor_fume_hood_lab_spaces/lab_257_control/zone/zone_temp/trend_log,#biotech/ground_flr_mech/building_hydronic_heating_syatems/reheat_heat_exchanger/oat
biotech,1,257B,2,biotech_main,#biotech/biotech_2nd_floor/second_floor_fume_hood_lab_spaces/lab_257b_control/hoodvalve_flow,#biotech/biotech_2nd_floor/second_floor_fume_hood_lab_spaces/lab_257b_control/hood_sash,,#biotech/biotech_2nd_floor/second_floor_fume_hood_lab_spaces/lab_257b_control/occ,#biotech/biotech_2nd_floor/second_floor_fume_hood_lab_spaces/lab_257b_control/zone/zone_temp/trend_log,#biotech/ground_flr_mech/building_hydronic_heating_syatems/reheat_heat_exchanger/oat
biotech,1,260,2,biotech_main,#biotech/biotech_2nd_floor/second_floor_fume_hood_lab_spaces/lab_260_control/hoodvalve_flow,#biotech/biotech_2nd_floor/second_floor_fume_hood_lab_spaces/lab_260_control/hood_sash,,#biotech/biotech_2nd_floor/second_floor_fume_hood_lab_spaces/lab_260_control/occ,#biotech/biotech_2nd_floor/second_floor_fume_hood_lab_spaces/lab_260_control/zone/zone_temp/trend_log,#biotech/ground_flr_mech/building_hydronic_heating_syatems/reheat_heat_exchanger/oat
biotech,1,260B,2,biotech_main,#biotech/biotech_2nd_floor/second_floor_fume_hood_lab_spaces/lab_260b_control/hoodvalve_flow,#biotech/biotech_2nd_floor/second_floor_fume_hood_lab_spaces/lab_260b_control/hood_sash,,#biotech/biotech_2nd_floor/second_floor_fume_hood_lab_spaces/lab_260b_control/occ,#biotech/biotech_2nd_floor/second_floor_fume_hood_lab_spaces/lab_260b_control/zone/zone_temp/trend_log,#biotech/ground_flr_mech/building_hydronic_heating_syatems/reheat_heat_exchanger/oat
biotech,1,267,2,biotech_main,#biotech/biotech_2nd_floor/second_floor_fume_hood_lab_spaces/lab_267_control/hoodvalve_flow,#biotech/biotech_2nd_floor/second_floor_fume_hood_lab_spaces/lab_267_control/hood_sash,,#biotech/biotech_2nd_floor/second_floor_fume_hood_lab_spaces/lab_267_control/occ,#biotech/biotech_2nd_floor/second_floor_fume_hood_lab_spaces/lab_267_control/zone/zone_temp/trend_log,#biotech/ground_flr_mech/building_hydronic_heating_syatems/reheat_heat_exchanger/oat
biotech,1,267B,2,biotech_main,#biotech/biotech_2nd_floor/second_floor_fume_hood_lab_spaces/lab_267b_control/hoodvalve_flow,#biotech/biotech_2nd_floor/second_floor_fume_hood_lab_spaces/lab_267b_control/hood_sash,,#biotech/biotech_2nd_floor/second_floor_fume_hood_lab_spaces/lab_267b_control/occ,#biotech/biotech_2nd_floor/second_floor_fume_hood_lab_spaces/lab_267b_control/zone/zone_temp/trend_log,#biotech/ground_flr_mech/building_hydronic_heating_syatems/reheat_heat_exchanger/oat
biotech,1,303,3,biotech_main,#biotech/biotech_3rd_floor/third_floor_fume_hood_lab_spaces/lab_303_control/hoodvalve_flow,#biotech/biotech_3rd_floor/third_floor_fume_hood_lab_spaces/lab_303_control/hood_sash,,#biotech/biotech_3rd_floor/third_floor_fume_hood_lab_spaces/lab_303_control/occ,#biotech/biotech_3rd_floor/third_floor_fume_hood_lab_spaces/lab_303_control/zone/zone_temp/trend_log,#biotech/ground_flr_mech/building_hydronic_heating_syatems/reheat_heat_exchanger/oat
biotech,1,303B,3,biotech_main,#biotech/biotech_3rd_floor/third_floor_fume_hood_lab_spaces/lab_303b_control/hoodvalve_flow,#biotech/biotech_3rd_floor/third_floor_fume_hood_lab_spaces/lab_303b_control/hood_sash,,#biotech/biotech_3rd_floor/third_floor_fume_hood_lab_spaces/lab_303b_control/occ,#biotech/biotech_3rd_floor/third_floor_fume_hood_lab_spaces/lab_303b_control/zone/zone_temp/trend_log,#biotech/ground_flr_mech/building_hydronic_heating_syatems/reheat_heat_exchanger/oat
biotech,1,309,3,biotech_main,#biotech/biotech_3rd_floor/third_floor_fume_hood_lab_spaces/lab_309_control/hoodvalve_flow,#biotech/biotech_3rd_floor/third_floor_fume_hood_lab_spaces/lab_309_control/hood_sash,,#biotech/biotech_3rd_floor/third_floor_fume_hood_lab_spaces/lab_309_control/occ,#biotech/biotech_3rd_floor/third_floor_fume_hood_lab_spaces/lab_309_control/zone/zone_temp/trend_log,#biotech/ground_flr_mech/building_hydronic_heating_syatems/reheat_heat_exchanger/oat
biotech,1,309B,3,biotech_main,#biotech/biotech_3rd_floor/third_floor_fume_hood_lab_spaces/lab_309b_control/hoodvalve_flow,#biotech/biotech_3rd_floor/third_floor_fume_hood_lab_spaces/lab_309b_control/hood_sash,,#biotech/biotech_3rd_floor/third_floor_fume_hood_lab_spaces/lab_309b_control/occ,#biotech/biotech_3rd_floor/third_floor_fume_hood_lab_spaces/lab_309b_control/zone/zone_temp/trend_log,#biotech/ground_flr_mech/building_hydronic_heating_syatems/reheat_heat_exchanger/oat
biotech,1,317,3,biotech_main,#biotech/biotech_3rd_floor/third_floor_fume_hood_lab_spaces/lab_317_control/hoodvalve_flow,#biotech/biotech_3rd_floor/third_floor_fume_hood_lab_spaces/lab_317_control/hood_sash,,#biotech/biotech_3rd_floor/third_floor_fume_hood_lab_spaces/lab_317_control/occ,#biotech/biotech_3rd_floor/third_floor_fume_hood_lab_spaces/lab_317_control/zone/zone_temp/trend_log,#biotech/ground_flr_mech/building_hydronic_heating_syatems/reheat_heat_exchanger/oat
biotech,1,317B,3,biotech_main,#biotech/biotech_3rd_floor/third_floor_fume_hood_lab_spaces/lab_317b_control/hoodvalve_flow,#biotech/biotech_3rd_floor/third_floor_fume_hood_lab_spaces/lab_317b_control/hood_sash,,#biotech/biotech_3rd_floor/third_floor_fume_hood_lab_spaces/lab_317b_control/occ,#biotech/biotech_3rd_floor/third_floor_fume_hood_lab_spaces/lab_317b_control/zone/zone_temp/trend_log,#biotech/ground_flr_mech/building_hydronic_heating_syatems/reheat_heat_exchanger/oat
biotech,1,318,3,biotech_main,#biotech/biotech_3rd_floor/third_floor_fume_hood_lab_spaces/lab_318_control/hoodvalve_flow,#biotech/biotech_3rd_floor/third_floor_fume_hood_lab_spaces/lab_318_control/hood_sash,,#biotech/biotech_3rd_floor/third_floor_fume_hood_lab_spaces/lab_318_control/occ,#biotech/biotech_3rd_floor/third_floor_fume_hood_lab_spaces/lab_318_control/zone/zone_temp/trend_log,#biotech/ground_flr_mech/building_hydronic_heating_syatems/reheat_heat_exchanger/oat
biotech,1,321,3,biotech_main,#biotech/biotech_3rd_floor/third_floor_fume_hood_lab_spaces/lab_321_control/hoodvalve_flow,#biotech/biotech_3rd_floor/third_floor_fume_hood_lab_spaces/lab_321_control/hood_sash,,#biotech/biotech_3rd_floor/third_floor_fume_hood_lab_spaces/lab_321_control/occ,#biotech/biotech_3rd_floor/third_floor_fume_hood_lab_spaces/lab_321_control/zone/zone_temp/trend_log,#biotech/ground_flr_mech/building_hydronic_heating_syatems/reheat_heat_exchanger/oat
biotech,1,321B,3,biotech_main,#biotech/biotech_3rd_floor/third_floor_fume_hood_lab_spaces/lab_321b_control/hoodvalve_flow,#biotech/biotech_3rd_floor/third_floor_fume_hood_lab_spaces/lab_321b_control/hood_sash,,#biotech/biotech_3rd_floor/third_floor_fume_hood_lab_spaces/lab_321b_control/occ,#biotech/biotech_3rd_floor/third_floor_fume_hood_lab_spaces/lab_321b_control/zone/zone_temp/trend_log,#biotech/ground_flr_mech/building_hydronic_heating_syatems/reheat_heat_exchanger/oat
biotech,1,327,3,biotech_main,#biotech/biotech_3rd_floor/third_floor_fume_hood_lab_spaces/lab_327_control/hoodvalve_flow,#biotech/biotech_3rd_floor/third_floor_fume_hood_lab_spaces/lab_327_control/hood_sash,,#biotech/biotech_3rd_floor/third_floor_fume_hood_lab_spaces/lab_327_control/occ,#biotech/biotech_3rd_floor/third_floor_fume_hood_lab_spaces/lab_327_control/zone/zone_temp/trend_log,#biotech/ground_flr_mech/building_hydronic_heating_syatems/reheat_heat_exchanger/oat
biotech,1,327B,3,biotech_main,#biotech/biotech_3rd_floor/third_floor_fume_hood_lab_spaces/lab_327b_control/hoodvalve_flow,#biotech/biotech_3rd_floor/third_floor_fume_hood_lab_spaces/lab_327b_control/hood_sash,,#biotech/biotech_3rd_floor/third_floor_fume_hood_lab_spaces/lab_327b_control/occ,#biotech/biotech_3rd_floor/third_floor_fume_hood_lab_spaces/lab_327b_control/zone/zone_temp/trend_log,#biotech/ground_flr_mech/building_hydronic_heating_syatems/reheat_heat_exchanger/oat
biotech,1,333,3,biotech_main,#biotech/biotech_3rd_floor/third_floor_fume_hood_lab_spaces/lab_333_control/hoodvalve_flow,#biotech/biotech_3rd_floor/third_floor_fume_hood_lab_spaces/lab_333_control/hood_sash,,#biotech/biotech_3rd_floor/third_floor_fume_hood_lab_spaces/lab_333_control/occ,#biotech/biotech_3rd_floor/third_floor_fume_hood_lab_spaces/lab_333_control/zone/zone_temp/trend_log,#biotech/ground_flr_mech/building_hydronic_heating_syatems/reheat_heat_exchanger/oat
biotech,1,333B,3,biotech_main,#biotech/biotech_3rd_floor/third_floor_fume_hood_lab_spaces/lab_333b_control/hoodvalve_flow,#biotech/biotech_3rd_floor/third_floor_fume_hood_lab_spaces/lab_333b_control/hood_sash,,#biotech/biotech_3rd_floor/third_floor_fume_hood_lab_spaces/lab_333b_control/occ,#biotech/biotech_3rd_floor/third_floor_fume_hood_lab_spaces/lab_333b_control/zone/zone_temp/trend_log,#biotech/ground_flr_mech/building_hydronic_heating_syatems/reheat_heat_exchanger/oat
biotech,1,336,3,biotech_main,#biotech_336_hvac/fh-1_flow_fbk,#biotech_336_hvac/fh-1_sash_pos,,#biotech_336_hvac/occ_sensor,#biotech_336_hvac/zone_temp,
biotech,1,341,3,biotech_main,#biotech/biotech_3rd_floor/third_floor_fume_hood_lab_spaces/lab_341_control/hoodvalve_flow,#biotech/biotech_3rd_floor/third_floor_fume_hood_lab_spaces/lab_341_control/hood_sash,,#biotech/biotech_3rd_floor/third_floor_fume_hood_lab_spaces/lab_341_control/occ,#biotech/biotech_3rd_floor/third_floor_fume_hood_lab_spaces/lab_341_control/zone/zone_temp/trend_log,#biotech/ground_flr_mech/building_hydronic_heating_syatems/reheat_heat_exchanger/oat
biotech,1,341B,3,biotech_main,#biotech/biotech_3rd_floor/third_floor_fume_hood_lab_spaces/lab_341b_control/hoodvalve_flow,#biotech/biotech_3rd_floor/third_floor_fume_hood_lab_spaces/lab_341b_control/hood_sash,,#biotech/biotech_3rd_floor/third_floor_fume_hood_lab_spaces/lab_341b_control/occ,#biotech/biotech_3rd_floor/third_floor_fume_hood_lab_spaces/lab_341b_control/zone/zone_temp/trend_log,#biotech/ground_flr_mech/building_hydronic_heating_syatems/reheat_heat_exchanger/oat
biotech,1,345,3,biotech_main,#biotech/biotech_3rd_floor/third_floor_fume_hood_lab_spaces/lab_345_control/hoodvalve_flow,#biotech/biotech_3rd_floor/third_floor_fume_hood_lab_spaces/lab_345_control/hood_sash,,#biotech/biotech_3rd_floor/third_floor_fume_hood_lab_spaces/lab_345_control/occ,#biotech/biotech_3rd_floor/third_floor_fume_hood_lab_spaces/lab_345_control/zone/zone_temp/trend_log,#biotech/ground_flr_mech/building_hydronic_heating_syatems/reheat_heat_exchanger/oat
biotech,1,345B,3,biotech_main,#biotech/biotech_3rd_floor/third_floor_fume_hood_lab_spaces/lab_345b_control/hoodvalve_flow,#biotech/biotech_3rd_floor/third_floor_fume_hood_lab_spaces/lab_345b_control/hood_sash,,#biotech/biotech_3rd_floor/third_floor_fume_hood_lab_spaces/lab_345b_control/occ,#biotech/biotech_3rd_floor/third_floor_fume_hood_lab_spaces/lab_345b_control/zone/zone_temp/trend_log,#biotech/ground_flr_mech/building_hydronic_heating_syatems/reheat_heat_exchanger/oat
biotech,1,353 EAST,3,biotech_main,#biotech_353_east_hvac/fh-1_flow_fbk,#biotech_353_east_hvac/fh-1_sash_pos,,#biotech_353_east_hvac/occ_sensor,#biotech_353_east_hvac/zone_temp,
biotech,1,353 WEST,3,biotech_main,#biotech_353_west_hvac/fh-1_flow_fbk,#biotech_353_west_hvac/fh-1_sash_pos,,#biotech_353_west_hvac/occ_sensor,#biotech_353_west_hvac/zone_temp,
biotech,1,360,3,biotech_main,#biotech/biotech_3rd_floor/third_floor_fume_hood_lab_spaces/lab_360_control/hoodvalve_flow,#biotech/biotech_3rd_floor/third_floor_fume_hood_lab_spaces/lab_360_control/hood_sash,,#biotech/biotech_3rd_floor/third_floor_fume_hood_lab_spaces/lab_360_control/occ,#biotech/biotech_3rd_floor/third_floor_fume_hood_lab_spaces/lab_360_control/zone/zone_temp/trend_log,#biotech/ground_flr_mech/building_hydronic_heating_syatems/reheat_heat_exchanger/oat
biotech,1,360B,3,biotech_main,#biotech/biotech_3rd_floor/third_floor_fume_hood_lab_spaces/lab_360b_control/hoodvalve_flow,#biotech/biotech_3rd_floor/third_floor_fume_hood_lab_spaces/lab_360b_control/hood_sash,,#biotech/biotech_3rd_floor/third_floor_fume_hood_lab_spaces/lab_360b_control/occ,#biotech/biotech_3rd_floor/third_floor_fume_hood_lab_spaces/lab_360b_control/zone/zone_temp/trend_log,#biotech/ground_flr_mech/building_hydronic_heating_syatems/reheat_heat_exchanger/oat
biotech,1,367,3,biotech_main,#biotech/biotech_3rd_floor/third_floor_fume_hood_lab_spaces/lab_367_control/hoodvalve_flow,#biotech/biotech_3rd_floor/third_floor_fume_hood_lab_spaces/lab_367_control/hood_sash,,#biotech/biotech_3rd_floor/third_floor_fume_hood_lab_spaces/lab_367_control/occ,#biotech/biotech_3rd_floor/third_floor_fume_hood_lab_spaces/lab_367_control/zone/zone_temp/trend_log,#biotech/ground_flr_mech/building_hydronic_heating_syatems/reheat_heat_exchanger/oat
biotech,1,367B,3,biotech_main,#biotech/biotech_3rd_floor/third_floor_fume_hood_lab_spaces/lab_367b_control/hoodvalve_flow,#biotech/biotech_3rd_floor/third_floor_fume_hood_lab_spaces/lab_367b_control/hood_sash,,#biotech/biotech_3rd_floor/third_floor_fume_hood_lab_spaces/lab_367b_control/occ,#biotech/biotech_3rd_floor/third_floor_fume_hood_lab_spaces/lab_367b_control/zone/zone_temp/trend_log,#biotech/ground_flr_mech/building_hydronic_heating_syatems/reheat_heat_exchanger/oat
biotech,1,403,4,biotech_main,#biotech/biotech_4th_floor/fourth_floor_fume_hood_lab_spaces/lab_403_control/hoodvalve_flow,#biotech/biotech_4th_floor/fourth_floor_fume_hood_lab_spaces/lab_403_control/hood_sash,,#biotech/biotech_4th_floor/fourth_floor_fume_hood_lab_spaces/lab_403_control/occ,#biotech/biotech_4th_floor/fourth_floor_fume_hood_lab_spaces/lab_403_control/zone/zone_temp/trend_log,#biotech/ground_flr_mech/building_hydronic_heating_syatems/reheat_heat_exchanger/oat
biotech,1,403B,4,biotech_main,#biotech/biotech_4th_floor/fourth_floor_fume_hood_lab_spaces/lab_403b_control/hoodvalve_flow,#biotech/biotech_4th_floor/fourth_floor_fume_hood_lab_spaces/lab_403b_control/hood_sash,,#biotech/biotech_4th_floor/fourth_floor_fume_hood_lab_spaces/lab_403b_control/occ,#biotech/biotech_4th_floor/fourth_floor_fume_hood_lab_spaces/lab_403b_control/zone/zone_temp/trend_log,#biotech/ground_flr_mech/building_hydronic_heating_syatems/reheat_heat_exchanger/oat
biotech,1,409,4,biotech_main,#biotech/biotech_4th_floor/fourth_floor_fume_hood_lab_spaces/lab_409_control/hoodvalve_flow,#biotech/biotech_4th_floor/fourth_floor_fume_hood_lab_spaces/lab_409_control/hood_sash,,#biotech/biotech_4th_floor/fourth_floor_fume_hood_lab_spaces/lab_409_control/occ,#biotech/biotech_4th_floor/fourth_floor_fume_hood_lab_spaces/lab_409_control/zone/zone_temp/trend_log,#biotech/ground_flr_mech/building_hydronic_heating_syatems/reheat_heat_exchanger/oat
biotech,1,409B,4,biotech_main,#biotech/biotech_4th_floor/fourth_floor_fume_hood_lab_spaces/lab_409b_control/hoodvalve_flow,#biotech/biotech_4th_floor/fourth_floor_fume_hood_lab_spaces/lab_409b_control/hood_sash,,#biotech/biotech_4th_floor/fourth_floor_fume_hood_lab_spaces/lab_409b_control/occ,#biotech/biotech_4th_floor/fourth_floor_fume_hood_lab_spaces/lab_409b_control/zone/zone_temp/trend_log,#biotech/ground_flr_mech/building_hydronic_heating_syatems/reheat_heat_exchanger/oat
biotech,1,417,4,biotech_main,#biotech/biotech_4th_floor/fourth_floor_fume_hood_lab_spaces/lab_417_control/hoodvalve_flow,#biotech/biotech_4th_floor/fourth_floor_fume_hood_lab_spaces/lab_417_control/hood_sash,,#biotech/biotech_4th_floor/fourth_floor_fume_hood_lab_spaces/lab_417_control/occ,#biotech/biotech_4th_floor/fourth_floor_fume_hood_lab_spaces/lab_417_control/zone/zone_temp/trend_log,#biotech/ground_flr_mech/building_hydronic_heating_syatems/reheat_heat_exchanger/oat
biotech,1,417B,4,biotech_main,#biotech/biotech_4th_floor/fourth_floor_fume_hood_lab_spaces/lab_417b_control/hoodvalve_flow,#biotech/biotech_4th_floor/fourth_floor_fume_hood_lab_spaces/lab_417b_control/hood_sash,,#biotech/biotech_4th_floor/fourth_floor_fume_hood_lab_spaces/lab_417b_control/occ,#biotech/biotech_4th_floor/fourth_floor_fume_hood_lab_spaces/lab_417b_control/zone/zone_temp/trend_log,#biotech/ground_flr_mech/building_hydronic_heating_syatems/reheat_heat_exchanger/oat
biotech,1,418,4,biotech_main,#biotech/biotech_4th_floor/fourth_floor_fume_hood_lab_spaces/lab_418_control/hoodvalve_flow,#biotech/biotech_4th_floor/fourth_floor_fume_hood_lab_spaces/lab_418_control/hood_sash,,#biotech/biotech_4th_floor/fourth_floor_fume_hood_lab_spaces/lab_418_control/occ,#biotech/biotech_4th_floor/fourth_floor_fume_hood_lab_spaces/lab_418_control/zone/zone_temp/trend_log,#biotech/ground_flr_mech/building_hydronic_heating_syatems/reheat_heat_exchanger/oat
biotech,1,421,4,biotech_main,#biotech/biotech_4th_floor/fourth_floor_fume_hood_lab_spaces/lab_421_control/hoodvalve_flow,#biotech/biotech_4th_floor/fourth_floor_fume_hood_lab_spaces/lab_421_control/hood_sash,,#biotech/biotech_4th_floor/fourth_floor_fume_hood_lab_spaces/lab_421_control/occ,#biotech/biotech_4th_floor/fourth_floor_fume_hood_lab_spaces/lab_421_control/zone/zone_temp/trend_log,#biotech/ground_flr_mech/building_hydronic_heating_syatems/reheat_heat_exchanger/oat
biotech,1,421B,4,biotech_main,#biotech/biotech_4th_floor/fourth_floor_fume_hood_lab_spaces/lab_421b_control/hoodvalve_flow,#biotech/biotech_4th_floor/fourth_floor_fume_hood_lab_spaces/lab_421b_control/hood_sash,,#biotech/biotech_4th_floor/fourth_floor_fume_hood_lab_spaces/lab_421b_control/occ,#biotech/biotech_4th_floor/fourth_floor_fume_hood_lab_spaces/lab_421b_control/zone/zone_temp/trend_log,#biotech/ground_flr_mech/building_hydronic_heating_syatems/reheat_heat_exchanger/oat
biotech,1,427B,4,biotech_main,#biotech/biotech_4th_floor/fourth_floor_fume_hood_lab_spaces/lab_427b_control/hoodvalve_flow,#biotech/biotech_4th_floor/fourth_floor_fume_hood_lab_spaces/lab_427b_control/hood_sash,,#biotech/biotech_4th_floor/fourth_floor_fume_hood_lab_spaces/lab_427b_control/occ,#biotech/biotech_4th_floor/fourth_floor_fume_hood_lab_spaces/lab_427b_control/zone/zone_temp/trend_log,#biotech/ground_flr_mech/building_hydronic_heating_syatems/reheat_heat_exchanger/oat
biotech,1,433,4,biotech_main,#biotech/biotech_4th_floor/fourth_floor_fume_hood_lab_spaces/lab_433_control/hoodvalve_flow,#biotech/biotech_4th_floor/fourth_floor_fume_hood_lab_spaces/lab_433_control/hood_sash,,#biotech/biotech_4th_floor/fourth_floor_fume_hood_lab_spaces/lab_433_control/occ,#biotech/biotech_4th_floor/fourth_floor_fume_hood_lab_spaces/lab_433_control/zone/zone_temp/trend_log,#biotech/ground_flr_mech/building_hydronic_heating_syatems/reheat_heat_exchanger/oat
biotech,1,433B,4,biotech_main,#biotech/biotech_4th_floor/fourth_floor_fume_hood_lab_spaces/lab_433b_control/hoodvalve_flow,#biotech/biotech_4th_floor/fourth_floor_fume_hood_lab_spaces/lab_433b_control/hood_sash,,#biotech/biotech_4th_floor/fourth_floor_fume_hood_lab_spaces/lab_433b_control/occ,#biotech/biotech_4th_floor/fourth_floor_fume_hood_lab_spaces/lab_433b_control/zone/zone_temp/trend_log,#biotech/ground_flr_mech/building_hydronic_heating_syatems/reheat_heat_exchanger/oat
biotech,1,441,4,biotech_main,#biotech/biotech_4th_floor/fourth_floor_fume_hood_lab_spaces/lab_441_control/hoodvalve_flow,#biotech/biotech_4th_floor/fourth_floor_fume_hood_lab_spaces/lab_441_control/hood_sash,,#biotech/biotech_4th_floor/fourth_floor_fume_hood_lab_spaces/lab_441_control/occ,#biotech/biotech_4th_floor/fourth_floor_fume_hood_lab_spaces/lab_441_control/zone/zone_temp/trend_log,#biotech/ground_flr_mech/building_hydronic_heating_syatems/reheat_heat_exchanger/oat
biotech,1,441B,4,biotech_main,#biotech/biotech_4th_floor/fourth_floor_fume_hood_lab_spaces/lab_441b_control/hoodvalve_flow,#biotech/biotech_4th_floor/fourth_floor_fume_hood_lab_spaces/lab_441b_control/hood_sash,,#biotech/biotech_4th_floor/fourth_floor_fume_hood_lab_spaces/lab_441b_control/occ,#biotech/biotech_4th_floor/fourth_floor_fume_hood_lab_spaces/lab_441b_control/zone/zone_temp/trend_log,#biotech/ground_flr_mech/building_hydronic_heating_syatems/reheat_heat_exchanger/oat
biotech,1,445,4,biotech_main,#biotech/biotech_4th_floor/fourth_floor_fume_hood_lab_spaces/lab_445_control/hoodvalve_flow,#biotech/biotech_4th_floor/fourth_floor_fume_hood_lab_spaces/lab_445_control/hood_sash,,#biotech/biotech_4th_floor/fourth_floor_fume_hood_lab_spaces/lab_445_control/occ,#biotech/biotech_4th_floor/fourth_floor_fume_hood_lab_spaces/lab_445_control/zone/zone_temp/trend_log,#biotech/ground_flr_mech/building_hydronic_heating_syatems/reheat_heat_exchanger/oat
biotech,1,445B,4,biotech_main,#biotech/biotech_4th_floor/fourth_floor_fume_hood_lab_spaces/lab_445b_control/hoodvalve_flow,#biotech/biotech_4th_floor/fourth_floor_fume_hood_lab_spaces/lab_445b_control/hood_sash,,#biotech/biotech_4th_floor/fourth_floor_fume_hood_lab_spaces/lab_445b_control/occ,#biotech/biotech_4th_floor/fourth_floor_fume_hood_lab_spaces/lab_445b_control/zone/zone_temp/trend_log,#biotech/ground_flr_mech/building_hydronic_heating_syatems/reheat_heat_exchanger/oat
biotech,1,453,4,biotech_main,#biotech/biotech_4th_floor/fourth_floor_fume_hood_lab_spaces/lab_453_control/hoodvalve_flow,#biotech/biotech_4th_floor/fourth_floor_fume_hood_lab_spaces/lab_453_control/hood_sash,,#biotech/biotech_4th_floor/fourth_floor_fume_hood_lab_spaces/lab_453_control/occ,#biotech/biotech_4th_floor/fourth_floor_fume_hood_lab_spaces/lab_453_control/zone/zone_temp/trend_log,#biotech/ground_flr_mech/building_hydronic_heating_syatems/reheat_heat_exchanger/oat
biotech,1,453B,4,biotech_main,#biotech/biotech_4th_floor/fourth_floor_fume_hood_lab_spaces/lab_453b_control/hoodvalve_flow,#biotech/biotech_4th_floor/fourth_floor_fume_hood_lab_spaces/lab_453b_control/hood_sash,,#biotech/biotech_4th_floor/fourth_floor_fume_hood_lab_spaces/lab_453b_control/occ,#biotech/biotech_4th_floor/fourth_floor_fume_hood_lab_spaces/lab_453b_control/zone/zone_temp/trend_log,#biotech/ground_flr_mech/building_hydronic_heating_syatems/reheat_heat_exchanger/oat
biotech,1,457,4,biotech_main,#biotech/biotech_4th_floor/fourth_floor_fume_hood_lab_spaces/lab_457_control/hoodvalve_flow,#biotech/biotech_4th_floor/fourth_floor_fume_hood_lab_spaces/lab_457_control/hood_sash,,#biotech/biotech_4th_floor/fourth_floor_fume_hood_lab_spaces/lab_457_control/occ,#biotech/biotech_4th_floor/fourth_floor_fume_hood_lab_spaces/lab_457_control/zone/zone_temp/trend_log,#biotech/ground_flr_mech/building_hydronic_heating_syatems/reheat_heat_exchanger/oat
biotech,1,457B,4,biotech_main,#biotech/biotech_4th_floor/fourth_floor_fume_hood_lab_spaces/lab_457b_control/hoodvalve_flow,#biotech/biotech_4th_floor/fourth_floor_fume_hood_lab_spaces/lab_457b_control/hood_sash,,#biotech/biotech_4th_floor/fourth_floor_fume_hood_lab_spaces/lab_457b_control/occ,#biotech/biotech_4th_floor/fourth_floor_fume_hood_lab_spaces/lab_457b_control/zone/zone_temp/trend_log,#biotech/ground_flr_mech/building_hydronic_heating_syatems/reheat_heat_exchanger/oat